YEAR,MONTH,DAY,RRG55
1990,11,5,0.62
1990,11,9,1.49
1990,11,10,0.01
1990,11,23,0.07
1990,11,28,0.97
1990,12,2,0.33
1990,12,3,2.31
1990,12,4,0.01
1990,12,7,0.04
1990,12,13,0.22
1990,12,14,0.37
1990,12,15,0.3
1990,12,16,0.02
1990,12,17,0.37
1990,12,18,0.73
1990,12,20,0.55
1990,12,21,0.13
1990,12,22,0.96
1990,12,23,4.36
1990,12,27,0.8
1990,12,28,0.44
1990,12,29,0.35
1990,12,30,0.72
1990,12,31,0.04
1991,1,3,0.4
1991,1,4,0.03
1991,1,5,0.02
1991,1,6,0.02
1991,1,7,0.48
1991,1,8,0.23
1991,1,10,1.06
1991,1,11,1.54
1991,1,12,0.12
1991,1,15,1.21
1991,1,16,0.13
1991,1,19,0.31
1991,1,24,0.18
1991,1,27,0.02
1991,1,29,0.11
1991,1,30,1.82
1991,2,5,0.05
1991,2,6,0.44
1991,2,13,2.02
1991,2,14,0.34
1991,2,15,0.13
1991,2,16,0.03
1991,2,17,1.35
1991,2,18,0.61
1991,2,19,0.79
1991,2,20,0.9
1991,2,22,0.03
1991,2,23,0.13
1991,2,25,0.07
1991,3,1,2.2
1991,3,3,1.35
1991,3,6,0.31
1991,3,7,0.1
1991,3,8,0.75
1991,3,9,0.02
1991,3,12,0.13
1991,3,13,0.99
1991,3,17,0.66
1991,3,18,0.54
1991,3,23,0.75
1991,3,28,0.89
1991,3,29,3.9
1991,4,4,0.36
1991,4,5,1.32
1991,4,8,0.64
1991,4,9,0.45
1991,4,12,0.29
1991,4,13,1.5
1991,4,14,0.43
1991,4,15,0.37
1991,4,18,0.06
1991,4,19,2.01
1991,4,26,0.1
1991,4,27,1.44
1991,4,28,0.36
1991,4,29,0.59
1991,4,30,0.12
1991,5,4,0.11
1991,5,5,1.06
1991,5,9,1.07
1991,5,10,0.69
1991,5,12,0.54
1991,5,16,0.78
1991,5,17,0.32
1991,5,18,1.86
1991,5,19,0.1
1991,5,20,0.07
1991,5,21,0.27
1991,5,23,0.06
1991,5,25,0.11
1991,5,26,0.02
1991,5,27,1.55
1991,5,28,0.05
1991,5,29,0.59
1991,6,3,0.23
1991,6,6,0.02
1991,6,12,0.22
1991,6,13,0.31
1991,6,14,0.09
1991,6,18,0.71
1991,6,19,0.24
1991,6,20,0.15
1991,6,21,0.37
1991,6,22,0.06
1991,6,23,0.02
1991,6,25,0.22
1991,6,26,1.22
1991,6,27,0.31
1991,6,29,0.03
1991,6,30,0.02
1991,7,2,0.07
1991,7,4,0.05
1991,7,5,0.05
1991,7,10,0.05
1991,7,15,0.05
1991,7,16,0.25
1991,7,17,1.11
1991,7,18,0.44
1991,7,19,0.09
1991,7,20,0.68
1991,7,21,0.02
1991,7,22,0.02
1991,7,24,1.54
1991,7,25,1.19
1991,7,26,0.07
1991,7,30,0.97
1991,8,1,0.07
1991,8,6,0.17
1991,8,7,0.56
1991,8,8,0.09
1991,8,9,0.58
1991,8,10,0.01
1991,8,11,0.29
1991,8,12,1.41
1991,8,14,0.67
1991,8,19,0.44
1991,8,25,0.99
1991,8,26,2.98
1991,8,29,0.7
1991,8,30,0.53
1991,9,6,0.01
1991,9,14,0.13
1991,9,16,0.05
1991,9,18,0.33
1991,9,19,0.13
1991,9,24,0.49
1991,9,25,0.72
1991,10,5,0.27
1991,10,15,0.24
1991,10,24,0.05
1991,11,1,0.58
1991,11,10,0.19
1991,11,18,0.13
1991,11,19,0.37
1991,11,20,0.59
1991,11,21,3.63
1991,11,22,1.88
1991,11,30,0.92
1991,12,1,3.42
1991,12,2,0.76
1991,12,3,1.45
1991,12,9,0.66
1991,12,14,0.78
1991,12,23,0.7
1991,12,27,0.16
1991,12,28,1.74
1992,1,1,0.05
1992,1,2,0.43
1992,1,3,1.98
1992,1,9,0.13
1992,1,12,0.1
1992,1,13,1.08
1992,1,14,0.05
1992,1,22,0.08
1992,1,23,2.27
1992,1,24,0.02
1992,1,27,0.09
1992,1,28,0.03
1992,2,13,0.27
1992,2,14,0.28
1992,2,15,2.53
1992,2,17,0.39
1992,2,18,0.22
1992,2,19,0.06
1992,2,23,1.72
1992,2,25,2.44
1992,2,26,0.65
1992,3,5,0.77
1992,3,6,2.44
1992,3,10,1.26
1992,3,11,0.05
1992,3,18,2.62
1992,3,19,0.38
1992,3,20,0.9
1992,3,25,0.85
1992,3,26,0.06
1992,3,27,0.09
1992,3,29,0.01
1992,3,30,0.37
1992,3,31,0.02
1992,4,7,0.16
1992,4,11,1.32
1992,4,12,0.06
1992,4,15,0.46
1992,4,19,0.48
1992,4,20,1.47
1992,4,21,0.88
1992,4,24,0.09
1992,5,4,0.03
1992,5,5,0.02
1992,5,6,0.33
1992,5,7,1.32
1992,5,8,0.61
1992,5,13,0.94
1992,5,18,0.11
1992,5,19,0.63
1992,5,28,0.22
1992,5,29,1.5
1992,5,30,0.09
1992,6,3,2.63
1992,6,4,2.85
1992,6,7,0.39
1992,6,8,0.29
1992,6,9,1.76
1992,6,11,0.6
1992,6,12,0.31
1992,6,13,0.84
1992,6,14,0.99
1992,6,15,0.06
1992,6,16,0.05
1992,6,26,0.03
1992,6,29,0.02
1992,6,30,0.14
1992,7,1,0.7
1992,7,2,0.3
1992,7,3,0.38
1992,7,5,0.02
1992,7,14,0.34
1992,7,15,0.15
1992,7,17,0.46
1992,7,18,0.02
1992,7,21,0.14
1992,7,22,0.25
1992,7,23,0.05
1992,7,25,0.09
1992,7,27,0.04
1992,7,30,0.03
1992,7,31,0.13
1992,8,4,0.03
1992,8,6,0.19
1992,8,7,0.04
1992,8,8,0.09
1992,8,12,0.26
1992,8,13,1.06
1992,8,14,0.71
1992,8,15,0.17
1992,8,16,0.05
1992,8,17,2.02
1992,8,20,0.13
1992,8,21,0.35
1992,8,22,3.18
1992,8,23,1.45
1992,8,27,2.84
1992,8,28,1.99
1992,9,2,0.05
1992,9,4,0.81
1992,9,5,3.72
1992,9,6,0.03
1992,9,7,0.04
1992,9,8,0.05
1992,9,10,0.06
1992,9,18,0.37
1992,9,19,0.41
1992,9,20,0.1
1992,9,21,0.67
1992,9,22,0.14
1992,9,23,0.02
1992,9,26,0.24
1992,9,27,0.19
1992,9,28,1.46
1992,10,3,0.41
1992,10,4,3.43
1992,10,5,0.23
1992,10,8,1.23
1992,10,10,0.27
1992,10,11,0.05
1992,10,27,0.01
1992,10,28,0.03
1992,10,30,1.62
1992,11,1,0.08
1992,11,2,3.6
1992,11,4,1.89
1992,11,5,0.27
1992,11,11,0.02
1992,11,12,2.59
1992,11,20,0.05
1992,11,21,2.41
1992,11,22,3.77
1992,11,24,0.88
1992,11,25,1.64
1992,12,2,0.03
1992,12,4,0.37
1992,12,6,0.23
1992,12,7,0.09
1992,12,9,0.05
1992,12,10,0.84
1992,12,16,3.47
1992,12,17,1.25
1992,12,19,0.04
1992,12,20,2.43
1992,12,21,0.38
1992,12,22,0.25
1992,12,23,0.5
1992,12,27,1.51
1992,12,28,0.24
1993,1,4,2.24
1993,1,5,0.09
1993,1,7,0.24
1993,1,8,0.65
1993,1,9,0.05
1993,1,11,1.72
1993,1,12,0.48
1993,1,15,0.1
1993,1,19,0.17
1993,1,20,0.2
1993,1,21,1.33
1993,1,24,1.87
1993,2,11,1.53
1993,2,12,0.1
1993,2,16,0.8
1993,2,21,2.4
1993,2,25,0.53
1993,2,26,0.73
1993,3,2,0.05
1993,3,3,1.03
1993,3,4,0.47
1993,3,5,0.07
1993,3,7,0.11
1993,3,12,0.52
1993,3,13,2.29
1993,3,16,0.2
1993,3,17,0.28
1993,3,21,0.02
1993,3,22,0.19
1993,3,23,3.15
1993,3,26,1.75
1993,3,27,0.65
1993,3,31,0.69
1993,4,1,0.05
1993,4,4,0.19
1993,4,5,1.37
1993,4,9,1.68
1993,4,15,0.97
1993,4,20,0.06
1993,4,21,0.09
1993,4,25,0.03
1993,4,26,0.8
1993,5,3,0.65
1993,5,4,2.82
1993,5,13,0.58
1993,5,14,0.01
1993,5,17,0.03
1993,5,19,0.39
1993,5,21,0.08
1993,5,25,0.26
1993,5,29,0.3
1993,5,31,0.3
1993,6,12,0.71
1993,6,13,0.94
1993,6,14,0.02
1993,6,17,0.03
1993,6,21,0.11
1993,6,24,0.31
1993,6,26,0.14
1993,6,29,0.22
1993,6,30,0.1
1993,7,1,0.06
1993,7,9,0.03
1993,7,10,0.04
1993,7,12,0.7
1993,7,24,0.28
1993,7,25,0.11
1993,7,26,0.47
1993,7,28,0.4
1993,8,2,0.03
1993,8,3,0.27
1993,8,4,0.02
1993,8,6,1.81
1993,8,7,0.45
1993,8,13,0.17
1993,8,14,0.63
1993,8,19,0.3
1993,8,20,0.08
1993,8,25,0.43
1993,8,26,0.01
1993,9,1,0.04
1993,9,2,4.41
1993,9,3,0.26
1993,9,4,0.53
1993,9,8,0.09
1993,9,15,0.56
1993,9,16,0.24
1993,9,20,0.46
1993,9,21,0.36
1993,9,25,0.15
1993,9,26,0.15
1993,9,27,0.73
1993,10,9,0.04
1993,10,11,0.03
1993,10,15,0.02
1993,10,16,0.71
1993,10,21,0.44
1993,10,22,0.12
1993,10,29,0.5
1993,10,30,0.92
1993,10,31,0.11
1993,11,4,1.01
1993,11,5,1.31
1993,11,14,0.28
1993,11,15,0.99
1993,11,17,2.03
1993,11,26,2.36
1993,11,27,1.06
1993,12,4,2.96
1993,12,5,0.12
1993,12,10,1.05
1993,12,14,0.73
1993,12,15,0.09
1993,12,18,0.17
1993,12,20,1.41
1993,12,21,0.06
1993,12,23,0.05
1993,12,25,0.09
1993,12,28,0.73
1993,12,29,0.23
1994,1,1,0.13
1994,1,3,1.17
1994,1,4,0.1
1994,1,6,0.03
1994,1,7,1.11
1994,1,11,1.3
1994,1,12,0.65
1994,1,14,0.01
1994,1,17,1.58
1994,1,25,0.27
1994,1,26,0.4
1994,1,27,1.29
1994,1,28,1.42
1994,2,4,0.1
1994,2,5,1.09
1994,2,7,0.03
1994,2,8,0.88
1994,2,9,0.02
1994,2,10,0.9
1994,2,11,1.5
1994,2,20,0.01
1994,2,21,0.23
1994,2,22,1.08
1994,2,23,3.32
1994,2,24,0.02
1994,3,1,1.9
1994,3,2,1.43
1994,3,8,0.08
1994,3,9,1.66
1994,3,10,0.06
1994,3,13,0.16
1994,3,16,0.02
1994,3,18,0.03
1994,3,21,0.56
1994,3,24,1.61
1994,3,25,0.2
1994,3,26,0.07
1994,3,27,5.17
1994,3,28,1.05
1994,3,29,0.01
1994,3,31,0.13
1994,4,3,0.13
1994,4,5,0.82
1994,4,6,1.43
1994,4,10,0.03
1994,4,11,0.23
1994,4,12,2.59
1994,4,13,1.48
1994,4,15,2.82
1994,4,27,0.05
1994,5,3,0.83
1994,5,4,0.04
1994,5,7,0.24
1994,5,8,0.38
1994,5,14,0.81
1994,5,15,0.7
1994,5,16,0.04
1994,5,21,0.02
1994,5,25,0.18
1994,5,26,0.9
1994,6,2,0.43
1994,6,5,0.99
1994,6,6,0.42
1994,6,7,0.06
1994,6,8,0.11
1994,6,9,0.36
1994,6,10,0.53
1994,6,11,0.62
1994,6,12,0.18
1994,6,13,0.23
1994,6,14,0.13
1994,6,15,0.09
1994,6,18,0.42
1994,6,22,0.06
1994,6,23,0.88
1994,6,24,0.4
1994,6,26,1.78
1994,6,27,1.1
1994,6,28,1.4
1994,6,29,0.03
1994,7,3,0.12
1994,7,4,0.54
1994,7,5,0.61
1994,7,6,0.03
1994,7,7,0.01
1994,7,8,0.45
1994,7,10,0.05
1994,7,11,0.19
1994,7,12,0.62
1994,7,13,2.19
1994,7,17,0.07
1994,7,19,1.47
1994,7,22,0.37
1994,7,26,0.2
1994,7,27,2.5
1994,7,28,0.2
1994,7,31,0.94
1994,8,1,0.07
1994,8,3,0.52
1994,8,4,0.06
1994,8,5,0.59
1994,8,8,0.02
1994,8,11,0.16
1994,8,13,0.22
1994,8,14,0.81
1994,8,15,1.93
1994,8,16,5.94
1994,8,17,0.82
1994,8,19,0.04
1994,8,20,0.04
1994,8,21,0.42
1994,8,27,0.05
1994,8,31,0.08
1994,9,1,0.21
1994,9,2,0.46
1994,9,3,0.09
1994,9,6,0.12
1994,9,8,0.03
1994,9,9,0.06
1994,9,16,0.45
1994,9,17,1.52
1994,9,23,0.76
1994,9,24,1.11
1994,9,25,0.45
1994,9,27,0.04
1994,10,2,0.76
1994,10,3,0.6
1994,10,9,1.63
1994,10,10,0.08
1994,10,12,1.76
1994,10,13,1.44
1994,10,14,1.66
1994,10,20,0.34
1994,10,22,0.34
1994,10,23,0.03
1994,10,30,0.12
1994,10,31,0.31
1994,11,1,0.05
1994,11,6,0.58
1994,11,10,0.76
1994,11,11,0.07
1994,11,20,0.17
1994,11,21,0.99
1994,11,26,0.78
1994,11,27,0.64
1994,11,28,1.01
1994,11,29,0.11
1994,12,3,0.18
1994,12,4,2.25
1994,12,5,0.17
1994,12,10,2
1994,12,16,0.07
1994,12,17,0.08
1994,12,21,0.11
1994,12,22,0.22
1994,12,25,0.04
1994,12,30,0.22
1994,12,31,0.38
1995,1,6,1.93
1995,1,11,1.17
1995,1,12,0.13
1995,1,13,0.17
1995,1,14,3.75
1995,1,15,0.43
1995,1,19,0.82
1995,1,20,0.06
1995,1,28,1.53
1995,1,29,0.04
1995,2,2,0.07
1995,2,3,0.52
1995,2,4,0.09
1995,2,7,0.17
1995,2,8,0.04
1995,2,10,0.75
1995,2,11,0.04
1995,2,15,1.6
1995,2,16,4.34
1995,2,17,0.12
1995,2,18,0.56
1995,2,19,0.06
1995,2,21,0.1
1995,2,27,2.22
1995,2,28,0.77
1995,3,1,0.28
1995,3,3,0.19
1995,3,5,0.95
1995,3,6,0.28
1995,3,7,0.1
1995,3,8,2.76
1995,3,20,0.55
1995,3,21,0.3
1995,3,27,0.76
1995,4,4,0.03
1995,4,11,0.23
1995,4,12,0.49
1995,4,19,0.28
1995,4,20,0.02
1995,4,21,1.06
1995,4,23,0.63
1995,4,24,0.01
1995,4,30,0.07
1995,5,1,1.32
1995,5,4,0.17
1995,5,9,1.18
1995,5,10,0.02
1995,5,11,0.07
1995,5,13,0.06
1995,5,14,0.58
1995,5,18,0.06
1995,5,19,0.87
1995,5,26,0.22
1995,5,28,1.23
1995,5,30,0.09
1995,5,31,0.23
1995,6,1,0.91
1995,6,2,0.49
1995,6,3,0.12
1995,6,5,0.21
1995,6,6,0.35
1995,6,7,0.51
1995,6,11,0.95
1995,6,12,0.88
1995,6,17,0.11
1995,6,21,0.22
1995,6,22,0.08
1995,6,23,0.4
1995,6,24,0.02
1995,6,25,1.12
1995,6,26,1.41
1995,6,28,0.04
1995,6,29,0.35
1995,6,30,0.69
1995,7,1,0.08
1995,7,3,0.12
1995,7,4,0.01
1995,7,10,0.32
1995,7,15,0.56
1995,7,16,0.6
1995,7,17,0.84
1995,7,21,0.11
1995,7,22,0.18
1995,7,26,0.07
1995,7,27,0.35
1995,7,28,1.41
1995,7,30,0.02
1995,8,3,0.94
1995,8,4,0.81
1995,8,5,0.52
1995,8,6,0.16
1995,8,7,1.43
1995,8,9,0.21
1995,8,10,0.31
1995,8,19,0.88
1995,8,20,0.31
1995,8,24,0.16
1995,8,25,0.01
1995,8,26,2.64
1995,8,27,1.3
1995,8,28,0.02
1995,8,31,0.05
1995,9,1,0.06
1995,9,5,0.45
1995,9,10,0.77
1995,9,11,1.39
1995,9,12,0.06
1995,9,13,0.28
1995,9,14,0.09
1995,9,15,0.04
1995,9,16,0.55
1995,9,17,0.36
1995,9,21,0.08
1995,9,22,0.36
1995,9,23,0.23
1995,9,24,0.05
1995,9,25,0.02
1995,10,3,1.46
1995,10,4,5.01
1995,10,5,4.02
1995,10,13,0.68
1995,10,14,0.54
1995,10,20,0.18
1995,10,27,0.83
1995,10,31,0.48
1995,11,1,0.69
1995,11,2,0.82
1995,11,3,0.4
1995,11,6,0.5
1995,11,7,2.61
1995,11,11,3.12
1995,11,23,0.13
1995,11,28,0.14
1995,11,29,0.02
1995,12,5,0.13
1995,12,6,0.68
1995,12,7,0.22
1995,12,8,0.94
1995,12,9,0.3
1995,12,16,0.26
1995,12,17,0.03
1995,12,18,1.49
1995,12,19,0.7
1995,12,31,0.53
1996,1,1,0.22
1996,1,2,0.84
1996,1,6,1.98
1996,1,7,0.33
1996,1,11,0.65
1996,1,12,0.1
1996,1,18,3.99
1996,1,19,0.36
1996,1,24,1.53
1996,1,26,4.19
1996,1,27,0.63
1996,1,29,0.09
1996,1,30,0.34
1996,1,31,0.32
1996,2,1,0.25
1996,2,2,2.84
1996,2,3,0.08
1996,2,4,0.07
1996,2,7,0.11
1996,2,8,0.65
1996,2,9,0.4
1996,2,19,0.47
1996,2,20,1.24
1996,2,28,0.28
1996,3,5,0.29
1996,3,6,2.53
1996,3,7,1.46
1996,3,15,0.49
1996,3,16,0.14
1996,3,18,0.26
1996,3,19,1.32
1996,3,20,0.1
1996,3,25,0.54
1996,3,27,0.58
1996,3,28,1.07
1996,3,31,0.8
1996,4,1,0.04
1996,4,6,0.13
1996,4,8,0.56
1996,4,13,0.2
1996,4,15,0.66
1996,4,19,0.56
1996,4,20,1.17
1996,4,21,0.38
1996,4,23,0.42
1996,4,26,0.95
1996,4,29,1.59
1996,4,30,0.53
1996,5,6,0.78
1996,5,7,0.07
1996,5,8,0.06
1996,5,10,0.08
1996,5,11,0.32
1996,5,15,0.62
1996,5,24,0.31
1996,5,25,1.02
1996,5,26,0.21
1996,5,27,0.84
1996,5,28,0.2
1996,6,4,0.24
1996,6,7,0.9
1996,6,8,3.06
1996,6,9,3.37
1996,6,10,0.44
1996,6,11,0.1
1996,6,12,0.25
1996,6,19,0.07
1996,6,20,0.24
1996,6,24,0.35
1996,6,25,0.13
1996,7,2,0.21
1996,7,7,0.13
1996,7,13,0.23
1996,7,14,0.71
1996,7,15,1.23
1996,7,16,0.12
1996,7,17,0.23
1996,7,21,0.09
1996,7,22,0.08
1996,7,24,0.11
1996,7,25,1.42
1996,7,28,0.07
1996,7,29,0.08
1996,7,30,0.57
1996,7,31,1.11
1996,8,1,0.13
1996,8,3,0.27
1996,8,5,0.05
1996,8,6,0.47
1996,8,7,0.08
1996,8,8,0.08
1996,8,11,2.02
1996,8,12,1.35
1996,8,16,0.23
1996,8,17,0.02
1996,8,19,0.43
1996,8,20,0.35
1996,8,21,0.28
1996,8,24,0.19
1996,8,25,0.16
1996,8,26,0.11
1996,8,27,0.33
1996,8,28,0.04
1996,8,29,0.32
1996,9,2,0.71
1996,9,3,1.38
1996,9,4,0.45
1996,9,5,0.06
1996,9,7,0.84
1996,9,9,0.08
1996,9,11,0.09
1996,9,16,2.45
1996,9,21,0.74
1996,9,26,0.1
1996,9,27,4.43
1996,9,28,3.19
1996,9,30,0.37
1996,10,2,0.83
1996,10,10,0.08
1996,10,18,0.32
1996,10,23,0.74
1996,10,26,0.65
1996,10,27,0.22
1996,11,1,0.87
1996,11,2,0.16
1996,11,6,0.11
1996,11,7,0.82
1996,11,8,1.92
1996,11,13,0.05
1996,11,14,0.03
1996,11,17,0.14
1996,11,18,0.46
1996,11,21,0.65
1996,11,25,1.55
1996,11,30,2.67
1996,12,1,2.88
1996,12,5,0.31
1996,12,7,0.31
1996,12,12,1.04
1996,12,17,0.51
1996,12,18,0.08
1996,12,24,0.92
1996,12,26,0.29
1996,12,27,0.12
1996,12,28,0.1
1996,12,29,0.91
1996,12,30,0.07
1996,12,31,0.27
1997,1,1,0.06
1997,1,4,0.16
1997,1,5,1.67
1997,1,7,0.05
1997,1,8,0.54
1997,1,9,1.43
1997,1,10,0.33
1997,1,15,1.08
1997,1,16,0.22
1997,1,22,0.62
1997,1,23,0.12
1997,1,24,2.18
1997,1,25,0.47
1997,1,27,0.02
1997,1,28,1.22
1997,1,30,0.03
1997,2,3,0.55
1997,2,4,0.96
1997,2,5,0.23
1997,2,7,0.51
1997,2,8,0.66
1997,2,10,0.07
1997,2,14,0.95
1997,2,15,0.74
1997,2,16,0.16
1997,2,21,2.18
1997,2,26,0.39
1997,2,27,1.76
1997,2,28,2
1997,3,1,0.26
1997,3,2,0.27
1997,3,3,1.05
1997,3,5,0.97
1997,3,10,0.15
1997,3,13,2.31
1997,3,14,1.04
1997,3,18,0.07
1997,3,19,2.37
1997,3,25,0.03
1997,3,26,0.89
1997,3,28,1.36
1997,3,29,0.8
1997,3,30,0.14
1997,4,5,0.15
1997,4,6,2.43
1997,4,11,0.09
1997,4,12,2.44
1997,4,17,0.06
1997,4,19,0.17
1997,4,21,0.73
1997,4,22,0.91
1997,4,23,0.15
1997,4,26,0.19
1997,4,27,0.91
1997,4,28,1.69
1997,4,29,0.06
1997,5,2,1.28
1997,5,3,1.47
1997,5,8,0.05
1997,5,9,0.03
1997,5,15,0.22
1997,5,19,0.16
1997,5,20,0.14
1997,5,24,0.09
1997,5,25,1.46
1997,5,26,0.61
1997,5,27,0.45
1997,5,28,0.44
1997,5,29,0.72
1997,5,30,0.58
1997,5,31,0.76
1997,6,1,0.91
1997,6,2,1.22
1997,6,3,0.15
1997,6,4,0.04
1997,6,9,0.09
1997,6,11,0.18
1997,6,12,0.96
1997,6,13,0.35
1997,6,14,1.36
1997,6,17,0.15
1997,6,18,0.04
1997,6,20,0.16
1997,6,21,0.66
1997,6,24,0.25
1997,6,25,0.08
1997,6,26,0.05
1997,6,27,0.15
1997,6,28,0.05
1997,6,29,0.03
1997,7,4,0.14
1997,7,9,0.45
1997,7,12,0.11
1997,7,16,0.02
1997,7,21,0.38
1997,7,22,0.33
1997,7,23,5.21
1997,7,27,0.1
1997,7,28,0.26
1997,7,29,0.45
1997,7,30,2.59
1997,7,31,0.07
1997,8,7,0.9
1997,8,9,0.24
1997,8,10,0.16
1997,8,13,0.22
1997,8,15,0.03
1997,8,31,0.05
1997,9,1,0.13
1997,9,2,0.01
1997,9,9,0.24
1997,9,10,0.25
1997,9,11,0.03
1997,9,16,0.04
1997,9,24,5.2
1997,9,25,1.43
1997,9,27,0.16
1997,9,28,0.72
1997,10,13,0.1
1997,10,14,0.07
1997,10,16,0.11
1997,10,17,0.03
1997,10,18,0.63
1997,10,19,0.01
1997,10,21,0.04
1997,10,22,0.04
1997,10,24,1.12
1997,10,25,0.81
1997,10,26,3.69
1997,10,31,0.07
1997,11,1,1.23
1997,11,2,0.15
1997,11,3,0.05
1997,11,6,0.57
1997,11,7,0.32
1997,11,12,0.51
1997,11,13,0.46
1997,11,14,0.03
1997,11,21,0.8
1997,11,22,0.02
1997,11,29,0.23
1997,11,30,0.72
1997,12,3,1.04
1997,12,8,0.43
1997,12,9,0.12
1997,12,10,0.33
1997,12,21,0.49
1997,12,22,0.66
1997,12,24,1.68
1997,12,27,0.73
1997,12,29,0.24
1997,12,30,0.31
1997,12,31,0.08
1998,1,5,0.84
1998,1,6,1.55
1998,1,7,7.43
1998,1,8,0.33
1998,1,9,0.08
1998,1,12,0.07
1998,1,14,0.33
1998,1,15,1.22
1998,1,16,0.29
1998,1,18,0.16
1998,1,19,0.16
1998,1,21,0.04
1998,1,22,2.26
1998,1,23,0.19
1998,1,27,1.17
1998,2,2,0.56
1998,2,3,2.61
1998,2,4,1.23
1998,2,11,0.64
1998,2,16,2.84
1998,2,17,1.45
1998,2,18,0.03
1998,2,22,0.45
1998,2,23,0.84
1998,2,26,0.12
1998,2,27,0.82
1998,3,1,0.05
1998,3,2,0.04
1998,3,3,0.03
1998,3,7,0.76
1998,3,8,3.53
1998,3,9,1.1
1998,3,16,0.13
1998,3,17,0.29
1998,3,18,1.32
1998,3,19,0.14
1998,3,20,1.11
1998,3,23,0.1
1998,3,24,0.12
1998,3,31,0.49
1998,4,1,0.99
1998,4,3,1.45
1998,4,8,1.01
1998,4,9,0.03
1998,4,10,0.05
1998,4,14,0.83
1998,4,16,1.45
1998,4,17,1.81
1998,4,18,0.72
1998,4,19,0.75
1998,4,21,0.57
1998,4,22,0.96
1998,4,23,0.3
1998,4,29,0.05
1998,4,30,2.29
1998,5,1,0.48
1998,5,3,0.17
1998,5,4,0.01
1998,5,6,0.16
1998,5,7,1.01
1998,5,10,0.42
1998,5,21,0.02
1998,5,22,0.05
1998,5,27,0.08
1998,5,30,0.04
1998,6,1,0.82
1998,6,2,0.15
1998,6,4,1.07
1998,6,5,1.04
1998,6,6,0.04
1998,6,9,0.96
1998,6,10,2.57
1998,6,14,0.21
1998,6,15,0.18
1998,6,16,0.69
1998,6,19,0.29
1998,6,21,0.1
1998,6,22,0.77
1998,6,30,0.18
1998,7,4,0.56
1998,7,14,0.04
1998,7,16,0.32
1998,7,23,0.25
1998,7,27,0.46
1998,7,31,0.17
1998,8,7,0.04
1998,8,8,0.12
1998,8,9,0.89
1998,8,11,0.22
1998,8,12,2.12
1998,8,15,0.11
1998,8,16,0.04
1998,8,19,0.63
1998,9,5,0.15
1998,9,6,0.83
1998,9,8,0.14
1998,9,21,1.1
1998,9,29,1.04
1998,9,30,0.09
1998,10,5,0.03
1998,10,6,0.34
1998,10,7,1.88
1998,10,8,0.37
1998,10,19,0.05
1998,11,2,0.48
1998,11,3,0.08
1998,11,4,0.03
1998,11,5,0.03
1998,11,8,0.21
1998,11,9,0.19
1998,11,10,1.84
1998,11,11,0.37
1998,11,14,1.17
1998,11,15,0.03
1998,11,16,1.62
1998,11,17,0.02
1998,11,20,0.29
1998,11,23,0.1
1998,11,25,0.05
1998,11,26,0.06
1998,12,5,0.07
1998,12,6,0.02
1998,12,7,0.18
1998,12,8,1.07
1998,12,12,0.77
1998,12,13,1.36
1998,12,19,0.71
1998,12,21,0.09
1998,12,22,0.48
1998,12,23,0.93
1998,12,24,1.26
1998,12,25,0.1
1998,12,28,0.39
1998,12,29,0.02
1999,1,2,1.93
1999,1,6,0.18
1999,1,7,0.06
1999,1,8,0.8
1999,1,9,0.77
1999,1,14,1.94
1999,1,17,0.13
1999,1,18,0.4
1999,1,23,3.98
1999,1,24,0.03
1999,1,29,0.12
1999,1,30,0.82
1999,1,31,1.55
1999,2,1,1.77
1999,2,4,0.17
1999,2,7,0.47
1999,2,9,1.3
1999,2,10,0.04
1999,2,11,0.13
1999,2,17,1.76
1999,2,18,0.09
1999,2,19,0.53
1999,2,23,0.08
1999,2,24,0.06
1999,2,25,0.07
1999,2,27,1
1999,2,28,0.79
1999,3,3,1.29
1999,3,6,0.23
1999,3,9,0.5
1999,3,13,0.35
1999,3,14,0.93
1999,3,21,0.43
1999,3,24,0.16
1999,3,26,1.46
1999,3,29,0.1
1999,3,31,2.47
1999,4,1,0.68
1999,4,6,0.05
1999,4,9,0.08
1999,4,14,0.07
1999,4,15,0.55
1999,4,20,0.3
1999,4,25,0.06
1999,4,26,0.24
1999,4,27,0.27
1999,4,29,0.61
1999,4,30,0.46
1999,5,5,0.78
1999,5,6,2.4
1999,5,7,2.24
1999,5,12,0.08
1999,5,13,0.14
1999,5,14,0.06
1999,5,18,0.55
1999,5,23,0.27
1999,5,24,0.02
1999,5,26,0.2
1999,6,2,1.03
1999,6,5,0.75
1999,6,10,0.09
1999,6,15,0.6
1999,6,16,1.82
1999,6,17,0.16
1999,6,22,0.07
1999,6,24,1.17
1999,6,25,0.09
1999,6,26,0.28
1999,6,27,1.51
1999,6,28,0.04
1999,6,29,2.35
1999,7,7,0.22
1999,7,8,0.03
1999,7,10,0.38
1999,7,11,0.43
1999,7,12,0.6
1999,7,18,0.5
1999,7,22,0.18
1999,7,24,0.63
1999,8,1,0.01
1999,8,8,0.02
1999,8,13,0.52
1999,8,14,0.03
1999,8,20,0.51
1999,8,23,0.38
1999,8,24,0.58
1999,8,25,0.12
1999,9,9,0.11
1999,9,20,0.13
1999,9,21,0.09
1999,9,22,0.07
1999,9,26,0.02
1999,9,27,0.62
1999,9,28,0.76
1999,9,29,0.74
1999,10,4,1.06
1999,10,9,2.31
1999,10,10,2.45
1999,10,11,0.06
1999,10,12,0.04
1999,10,13,0.38
1999,10,19,0.04
1999,10,20,0.99
1999,11,1,1.09
1999,11,2,1.83
1999,11,20,0.28
1999,11,21,0.57
1999,11,23,0.04
1999,11,25,3.77
1999,11,26,0.5
1999,12,5,0.99
1999,12,9,0.14
1999,12,10,0.93
1999,12,13,2.32
1999,12,14,0.09
1999,12,19,0.02
1999,12,20,0.1
1999,12,21,0.34
2000,1,3,0.1
2000,1,4,0.46
2000,1,8,0.05
2000,1,9,1.33
2000,1,10,1.49
2000,1,13,0.07
2000,1,16,0.16
2000,1,17,0.08
2000,1,18,0.65
2000,1,19,0.48
2000,1,20,0.04
2000,1,22,1.15
2000,1,23,0.44
2000,1,28,0.03
2000,1,29,0.48
2000,1,30,0.38
2000,2,12,0.93
2000,2,13,1.23
2000,2,14,0.4
2000,2,17,0.02
2000,2,18,0.07
2000,2,19,0.42
2000,2,27,0.67
2000,3,3,0.03
2000,3,4,0.07
2000,3,11,2.3
2000,3,16,1.54
2000,3,17,0.07
2000,3,19,0.93
2000,3,20,1.36
2000,3,27,0.34
2000,3,29,0.1
2000,3,30,0.03
2000,4,2,2.46
2000,4,3,3.2
2000,4,4,0.19
2000,4,8,0.14
2000,4,13,0.47
2000,4,14,0.11
2000,4,15,0.26
2000,4,21,0.1
2000,4,24,0.78
2000,4,25,0.19
2000,4,27,0.07
2000,4,28,0.64
2000,5,3,0.2
2000,5,4,0.5
2000,5,10,0.08
2000,5,20,0.1
2000,5,21,0.97
2000,5,23,0.24
2000,5,24,0.1
2000,5,25,0.1
2000,5,27,0.42
2000,5,28,0.05
2000,6,4,0.04
2000,6,5,1.05
2000,6,13,0.44
2000,6,14,0.18
2000,6,15,0.12
2000,6,16,0.6
2000,6,17,0.03
2000,6,18,0.12
2000,6,19,0.34
2000,6,20,0.25
2000,6,22,0.21
2000,6,25,0.24
2000,6,27,0.14
2000,6,28,0.26
2000,6,29,0.74
2000,6,30,0.02
2000,7,4,0.04
2000,7,11,0.43
2000,7,12,0.1
2000,7,13,0.15
2000,7,15,0.09
2000,7,19,0.28
2000,7,24,0.24
2000,7,26,0.09
2000,7,28,0.78
2000,7,30,0.94
2000,7,31,0.27
2000,8,1,0.46
2000,8,2,0.88
2000,8,3,0.21
2000,8,4,0.08
2000,8,10,0.11
2000,8,11,0.29
2000,8,18,0.21
2000,8,20,0.15
2000,8,27,0.14
2000,8,31,0.11
2000,9,1,0.4
2000,9,2,0.2
2000,9,6,0.26
2000,9,7,0.1
2000,9,8,0.13
2000,9,20,0.26
2000,9,21,1.93
2000,9,22,0.27
2000,9,23,0.03
2000,9,24,0.18
2000,9,25,1.36
2000,11,4,0.12
2000,11,6,0.05
2000,11,7,0.51
2000,11,8,0.31
2000,11,9,7.1
2000,11,16,0.72
2000,11,17,0.09
2000,11,19,0.46
2000,11,24,0.57
2000,11,25,1.71
2000,12,2,0.05
2000,12,3,0.41
2000,12,11,0.08
2000,12,12,0.13
2000,12,13,0.52
2000,12,14,0.58
2000,12,15,0.01
2000,12,16,2.11
2000,12,17,0.13
2000,12,19,0.3
2000,12,27,0.11
2000,12,30,0.03
2001,1,7,0.08
2001,1,8,0.47
2001,1,11,0.23
2001,1,12,0.58
2001,1,14,0.06
2001,1,17,0.29
2001,1,18,1.71
2001,1,19,2.74
2001,1,26,0.05
2001,1,29,0.9
2001,1,30,0.58
2001,2,9,0.39
2001,2,10,0.36
2001,2,11,0.1
2001,2,12,0.31
2001,2,13,0.29
2001,2,14,0.45
2001,2,15,0.27
2001,2,16,1.35
2001,2,17,0.07
2001,2,21,0.09
2001,2,22,0.81
2001,2,24,0.25
2001,2,25,1.93
2001,3,3,0.7
2001,3,4,0.49
2001,3,12,1.62
2001,3,13,0.08
2001,3,15,1.7
2001,3,20,1.47
2001,3,21,0.04
2001,3,28,0.04
2001,3,29,1.99
2001,3,30,0.21
2001,4,1,0.05
2001,4,3,0.19
2001,4,12,0.03
2001,4,13,0.72
2001,4,15,0.49
2001,4,24,0.03
2001,4,25,0.03
2001,4,30,0.72
2001,5,5,0.11
2001,5,6,0.14
2001,5,7,0.03
2001,5,9,0.26
2001,5,11,0.33
2001,5,20,0.15
2001,5,21,0.22
2001,5,22,0.32
2001,5,24,0.45
2001,5,25,0.8
2001,5,28,0.81
2001,5,29,0.04
2001,5,31,0.62
2001,6,1,1.31
2001,6,3,0.06
2001,6,6,0.05
2001,6,7,0.19
2001,6,8,0.53
2001,6,14,0.05
2001,6,15,0.22
2001,6,20,0.41
2001,6,22,1.03
2001,6,25,0.1
2001,6,26,3.82
2001,6,27,0.74
2001,6,29,1.11
2001,6,30,0.81
2001,7,2,0.03
2001,7,3,0.56
2001,7,4,1.09
2001,7,19,0.09
2001,7,20,0.03
2001,7,24,0.52
2001,7,25,0.83
2001,7,26,0.21
2001,7,27,0.01
2001,7,29,0.63
2001,7,30,0.05
2001,7,31,0.14
2001,8,1,0.08
2001,8,2,0.42
2001,8,3,0.03
2001,8,4,0.23
2001,8,5,0.02
2001,8,7,0.09
2001,8,12,1.41
2001,8,13,0.84
2001,8,17,0.03
2001,8,25,0.23
2001,8,28,0.04
2001,8,30,0.03
2001,8,31,0.3
2001,9,1,0.5
2001,9,2,0.23
2001,9,3,0.43
2001,9,4,0.85
2001,9,19,1.63
2001,9,20,1.79
2001,9,23,1.43
2001,9,24,2
2001,10,5,0.1
2001,10,6,0.68
2001,10,11,0.16
2001,10,12,1.3
2001,10,13,0.4
2001,10,14,1.92
2001,10,25,0.26
2001,11,23,1.77
2001,11,24,1.08
2001,11,25,0.39
2001,11,29,0.4
2001,11,30,0.74
2001,12,8,0.37
2001,12,10,1.17
2001,12,12,0.04
2001,12,13,0.44
2001,12,14,0.66
2001,12,17,0.75
2001,12,23,0.95
2002,1,2,0.07
2002,1,3,0.17
2002,1,6,0.94
2002,1,11,0.19
2002,1,18,0.42
2002,1,19,2.44
2002,1,21,0.58
2002,1,22,0.34
2002,1,23,1.59
2002,1,24,1.29
2002,1,25,0.14
2002,1,30,0.05
2002,1,31,0.12
2002,2,1,0.25
2002,2,3,0.15
2002,2,6,1.65
2002,2,7,0.31
2002,2,10,0.09
2002,2,20,0.7
2002,2,21,0.01
2002,2,26,0.17
2002,3,2,2
2002,3,3,0.19
2002,3,9,0.51
2002,3,12,1.25
2002,3,13,0.78
2002,3,16,0.3
2002,3,17,0.61
2002,3,18,0.1
2002,3,20,0.39
2002,3,21,0.51
2002,3,26,0.83
2002,3,30,1.87
2002,3,31,0.48
2002,4,9,1.93
2002,4,10,0.04
2002,4,12,0.22
2002,4,13,0.26
2002,4,14,0.75
2002,4,18,0.35
2002,4,24,0.07
2002,4,25,0.59
2002,4,26,0.05
2002,4,28,0.09
2002,4,30,0.11
2002,5,1,1.1
2002,5,2,0.6
2002,5,3,0.49
2002,5,4,1.98
2002,5,9,0.09
2002,5,10,0.09
2002,5,13,1.1
2002,5,17,1.77
2002,5,18,0.06
2002,5,27,0.18
2002,5,31,0.38
2002,6,4,0.27
2002,6,5,0.22
2002,6,6,0.61
2002,6,13,0.07
2002,6,14,0.04
2002,6,20,0.2
2002,6,23,0.3
2002,6,25,1.79
2002,6,26,0.1
2002,6,27,0.08
2002,6,28,0.12
2002,6,29,0.42
2002,7,1,0.22
2002,7,10,0.09
2002,7,11,0.38
2002,7,12,1.53
2002,7,13,1.56
2002,7,14,0.09
2002,7,15,0.11
2002,7,22,0.05
2002,7,24,0.55
2002,7,25,0.74
2002,7,26,0.06
2002,8,2,0.1
2002,8,15,0.82
2002,8,16,0.51
2002,8,17,0.28
2002,8,19,0.4
2002,8,25,2.31
2002,8,26,2.12
2002,8,29,0.03
2002,9,13,0.45
2002,9,14,2.32
2002,9,15,2.02
2002,9,18,0.2
2002,9,20,0.76
2002,9,21,1.78
2002,9,22,0.53
2002,9,25,2.64
2002,9,26,3.86
2002,9,27,2.46
2002,10,4,0.24
2002,10,5,0.22
2002,10,10,1.16
2002,10,11,0.35
2002,10,14,0.02
2002,10,15,2.63
2002,10,16,0.06
2002,10,20,0.14
2002,10,25,0.3
2002,10,27,0.1
2002,10,28,0.99
2002,10,29,0.44
2002,10,30,0.05
2002,11,3,0.05
2002,11,4,0.1
2002,11,5,0.78
2002,11,6,0.06
2002,11,9,0.13
2002,11,10,0.41
2002,11,11,1.04
2002,11,12,2.53
2002,11,15,1.03
2002,11,16,0.82
2002,11,19,0.1
2002,11,20,0.34
2002,11,21,0.84
2002,11,26,0.2
2002,12,2,0.04
2002,12,4,1.57
2002,12,5,0.56
2002,12,10,0.89
2002,12,11,0.12
2002,12,13,1.38
2002,12,19,1.57
2002,12,20,0.39
2002,12,22,0.11
2002,12,23,0.01
2002,12,24,2.27
2002,12,25,0.21
2002,12,31,1
2003,1,1,0.68
2003,1,2,0.54
2003,1,3,0.16
2003,1,9,0.09
2003,1,10,0.05
2003,1,16,0.34
2003,1,21,0.28
2003,1,29,1.44
2003,1,30,0.13
2003,2,4,1.07
2003,2,6,0.76
2003,2,7,0.16
2003,2,9,0.14
2003,2,10,0.39
2003,2,14,2.04
2003,2,15,0.06
2003,2,16,0.7
2003,2,20,0.05
2003,2,21,0.3
2003,2,22,3.12
2003,2,23,0.08
2003,2,24,0.07
2003,2,25,0.13
2003,2,26,0.82
2003,2,27,0.51
2003,3,4,0.03
2003,3,5,0.59
2003,3,6,1.49
2003,3,13,0.05
2003,3,14,0.1
2003,3,15,0.48
2003,3,16,0.78
2003,3,18,0.19
2003,3,19,1.18
2003,3,20,0.73
2003,3,29,0.04
2003,3,30,0.8
2003,4,5,1
2003,4,6,0.45
2003,4,7,1.09
2003,4,8,0.44
2003,4,9,0.27
2003,4,10,0.93
2003,4,17,1.36
2003,4,18,0.64
2003,4,21,0.65
2003,4,24,0.13
2003,4,25,0.24
2003,4,26,0.15
2003,4,29,1.02
2003,4,30,0.15
2003,5,1,0.19
2003,5,2,0.47
2003,5,5,3.19
2003,5,6,1.58
2003,5,7,2.28
2003,5,11,0.31
2003,5,15,0.27
2003,5,16,0.05
2003,5,17,0.54
2003,5,18,0.44
2003,5,21,1.18
2003,5,22,1.91
2003,5,23,0.49
2003,5,25,0.1
2003,5,29,0.05
2003,6,2,0.02
2003,6,3,1.41
2003,6,4,0.38
2003,6,6,1.27
2003,6,7,3.9
2003,6,8,0.06
2003,6,11,0.07
2003,6,12,0.24
2003,6,13,0.06
2003,6,14,0.23
2003,6,17,0.11
2003,6,18,1.34
2003,6,19,0.37
2003,6,27,0.03
2003,6,28,0.12
2003,6,29,0.35
2003,6,30,0.65
2003,7,1,5.97
2003,7,2,0.75
2003,7,4,0.08
2003,7,5,0.34
2003,7,6,2.04
2003,7,7,0.19
2003,7,8,0.04
2003,7,9,0.23
2003,7,10,0.31
2003,7,11,0.01
2003,7,12,0.02
2003,7,13,0.36
2003,7,14,0.03
2003,7,22,0.79
2003,7,23,0.04
2003,7,29,0.05
2003,7,30,0.08
2003,7,31,0.55
2003,8,2,0.31
2003,8,3,0.83
2003,8,4,0.1
2003,8,5,0.45
2003,8,6,0.27
2003,8,7,0.12
2003,8,8,0.32
2003,8,9,0.8
2003,8,10,0.1
2003,8,12,0.43
2003,8,13,0.18
2003,8,15,0.12
2003,8,16,0.08
2003,8,17,1.82
2003,8,18,0.03
2003,8,21,0.14
2003,8,22,0.1
2003,8,29,1.88
2003,8,30,0.98
2003,8,31,0.31
2003,9,1,0.78
2003,9,3,0.03
2003,9,4,0.41
2003,9,7,0.1
2003,9,9,0.02
2003,9,15,0.32
2003,9,21,0.12
2003,9,22,5.39
2003,9,27,0.2
2003,10,8,0.25
2003,10,9,0.03
2003,10,10,0.14
2003,10,11,0.21
2003,10,14,0.27
2003,10,26,2.38
2003,10,27,0.06
2003,11,4,0.15
2003,11,5,2.38
2003,11,6,0.59
2003,11,12,0.09
2003,11,16,0.06
2003,11,18,3.34
2003,11,19,3.01
2003,11,24,0.7
2003,11,27,0.63
2003,11,28,1.91
2003,12,3,0.05
2003,12,4,1.12
2003,12,10,1.96
2003,12,13,0.54
2003,12,14,0.3
2003,12,16,0.21
2003,12,17,0.5
2003,12,18,0.15
2003,12,19,0.12
2003,12,23,0.77
2003,12,24,0.18
2003,12,29,0.42
2003,12,30,0.3
2004,1,5,0.76
2004,1,6,0.56
2004,1,8,0.02
2004,1,9,0.15
2004,1,17,0.47
2004,1,18,0.71
2004,1,25,1.52
2004,1,26,0.04
2004,2,2,1.55
2004,2,3,0.47
2004,2,5,1.28
2004,2,6,1.56
2004,2,11,0.84
2004,2,12,0.36
2004,2,15,0.22
2004,2,20,0.17
2004,2,21,0.17
2004,2,26,0.52
2004,3,2,1.01
2004,3,5,0.12
2004,3,6,0.99
2004,3,7,0.09
2004,3,9,0.25
2004,3,15,0.5
2004,3,16,0.49
2004,3,18,0.1
2004,3,20,0.4
2004,3,30,0.56
2004,3,31,0.18
2004,4,1,0.11
2004,4,11,0.11
2004,4,12,0.9
2004,4,13,1.63
2004,4,14,0.07
2004,4,25,0.66
2004,4,26,1.12
2004,4,30,0.28
2004,5,1,0.19
2004,5,2,1.67
2004,5,8,0.2
2004,5,9,2.5
2004,5,11,0.05
2004,5,12,0.61
2004,5,13,0.71
2004,5,16,0.08
2004,5,18,0.45
2004,5,19,0.03
2004,5,22,0.02
2004,5,28,0.08
2004,5,30,1.11
2004,5,31,0.93
2004,6,7,0.06
2004,6,8,0.65
2004,6,9,0.06
2004,6,10,0.2
2004,6,12,0.49
2004,6,13,0.12
2004,6,14,0.62
2004,6,15,1.4
2004,6,16,0.04
2004,6,21,0.14
2004,6,22,0.1
2004,6,23,0.28
2004,6,24,0.66
2004,6,25,1.6
2004,6,27,0.38
2004,6,28,0.42
2004,6,29,0.11
2004,6,30,0.68
2004,7,1,0.15
2004,7,2,0.43
2004,7,3,0.06
2004,7,5,0.19
2004,7,8,0.09
2004,7,10,0.22
2004,7,12,0.22
2004,7,17,1.26
2004,7,24,0.49
2004,7,25,0.74
2004,7,26,0.58
2004,7,27,0.1
2004,7,29,0.67
2004,7,30,1.66
2004,8,1,0.22
2004,8,2,0.12
2004,8,5,0.33
2004,8,11,0.06
2004,8,12,0.47
2004,8,17,0.06
2004,8,20,1.02
2004,8,21,0.05
2004,8,23,0.83
2004,8,24,0.36
2004,8,27,1.55
2004,8,29,0.31
2004,8,31,0.03
2004,9,1,0.17
2004,9,2,0.2
2004,9,6,0.18
2004,9,7,6.59
2004,9,8,2.27
2004,9,16,7.59
2004,9,17,2.82
2004,9,27,2.09
2004,9,28,0.17
2004,10,2,0.14
2004,10,12,0.56
2004,10,13,0.06
2004,10,14,0.14
2004,10,17,0.04
2004,10,18,0.05
2004,10,19,0.69
2004,10,24,0.11
2004,10,28,0.12
2004,10,29,0.06
2004,10,31,0.08
2004,11,2,1.73
2004,11,3,1.6
2004,11,4,1.39
2004,11,11,0.55
2004,11,12,2.08
2004,11,19,0.03
2004,11,20,0.09
2004,11,21,0.05
2004,11,22,0.09
2004,11,23,0.61
2004,11,24,3.14
2004,11,25,0.18
2004,11,27,0.49
2004,11,30,0.83
2004,12,1,0.88
2004,12,5,0.06
2004,12,6,2.51
2004,12,7,0.76
2004,12,9,2
2004,12,10,0.18
2004,12,11,0.09
2004,12,19,0.1
2004,12,22,0.9
2004,12,23,2.35
2005,1,6,0.11
2005,1,7,0.09
2005,1,8,0.56
2005,1,13,2.47
2005,1,14,0.08
2005,1,22,0.07
2005,1,29,1.17
2005,2,1,0.01
2005,2,2,0.7
2005,2,3,0.43
2005,2,9,0.14
2005,2,13,0.4
2005,2,14,0.8
2005,2,16,0.14
2005,2,20,0.93
2005,2,21,1.92
2005,2,23,0.1
2005,2,24,0.63
2005,2,27,0.56
2005,2,28,0.46
2005,3,5,0.08
2005,3,7,1.38
2005,3,8,0.57
2005,3,13,0.17
2005,3,14,0.14
2005,3,15,0.05
2005,3,16,0.5
2005,3,17,0.24
2005,3,22,1.11
2005,3,23,0.69
2005,3,27,1.69
2005,3,28,1.06
2005,3,31,0.92
2005,4,1,0.74
2005,4,2,0.76
2005,4,3,0.05
2005,4,7,1.95
2005,4,8,0.11
2005,4,12,0.78
2005,4,13,0.86
2005,4,14,0.06
2005,4,22,1.34
2005,4,23,0.23
2005,4,26,0.44
2005,4,28,0.06
2005,4,29,0.03
2005,4,30,1.16
2005,5,5,0.03
2005,5,10,0.21
2005,5,14,0.92
2005,5,15,0.13
2005,5,19,0.06
2005,5,20,3.14
2005,5,29,0.06
2005,5,30,0.25
2005,6,1,2.65
2005,6,2,0.97
2005,6,3,0.68
2005,6,6,0.56
2005,6,7,2.6
2005,6,8,0.06
2005,6,9,0.41
2005,6,10,0.89
2005,6,11,0.48
2005,6,12,4.54
2005,6,13,0.06
2005,6,18,0.8
2005,6,19,0.14
2005,6,20,0.06
2005,6,26,0.38
2005,6,27,0.64
2005,6,28,0.52
2005,7,1,0.5
2005,7,3,0.31
2005,7,4,1.14
2005,7,6,0.18
2005,7,7,3.15
2005,7,9,0.77
2005,7,10,0.07
2005,7,11,4.04
2005,7,12,0.69
2005,7,13,0.28
2005,7,14,0.35
2005,7,16,0.14
2005,7,19,0.09
2005,7,20,0.51
2005,7,21,0.09
2005,7,28,0.12
2005,7,29,1.02
2005,7,31,1.25
2005,8,7,2.1
2005,8,8,0.41
2005,8,9,0.3
2005,8,12,0.94
2005,8,13,0.68
2005,8,16,0.29
2005,8,17,0.34
2005,8,18,0.14
2005,8,19,0.71
2005,8,20,0.14
2005,8,22,2.31
2005,8,23,0.88
2005,8,29,2.15
2005,8,30,3.18
2005,9,16,0.57
2005,9,26,0.92
2005,9,28,0.28
2005,9,29,0.19
2005,10,6,2.19
2005,10,7,1.15
2005,10,11,0.06
2005,11,6,0.11
2005,11,10,0.22
2005,11,14,0.11
2005,11,15,0.59
2005,11,16,2.44
2005,11,21,2.5
2005,11,22,0.14
2005,11,27,0.24
2005,11,28,1.55
2005,11,29,1.43
2005,12,3,0.34
2005,12,4,1.21
2005,12,5,0.8
2005,12,8,1.03
2005,12,9,0.18
2005,12,14,0.07
2005,12,15,1.78
2005,12,24,0.31
2005,12,25,0.82
2005,12,28,0.04
2006,1,2,1.91
2006,1,11,1.07
2006,1,13,0.95
2006,1,16,0.38
2006,1,17,3.72
2006,1,18,0.12
2006,1,21,1.15
2006,1,22,0.25
2006,1,23,0.49
2006,1,29,0.54
2006,1,30,0.48
2006,2,2,0.19
2006,2,3,0.07
2006,2,4,0.95
2006,2,6,0.06
2006,2,8,0.06
2006,2,9,0.05
2006,2,11,0.74
2006,2,12,0.06
2006,2,13,0.06
2006,2,18,0.26
2006,2,20,0.1
2006,2,22,0.62
2006,2,23,0.13
2006,3,6,0.05
2006,3,9,0.84
2006,3,10,0.28
2006,3,14,0.48
2006,3,20,1.3
2006,3,21,0.36
2006,4,1,1.17
2006,4,2,0.13
2006,4,3,0.61
2006,4,8,0.48
2006,4,19,0.42
2006,4,20,0.55
2006,4,21,0.37
2006,4,22,1.51
2006,4,26,0.54
2006,5,1,0.03
2006,5,2,0.03
2006,5,3,0.02
2006,5,5,0.5
2006,5,7,0.42
2006,5,11,0.19
2006,5,12,0.06
2006,5,13,0.12
2006,5,14,0.1
2006,5,20,0.83
2006,5,21,0.2
2006,5,22,0.14
2006,5,25,0.11
2006,6,2,0.75
2006,6,4,0.27
2006,6,12,0.05
2006,6,13,0.08
2006,6,22,0.54
2006,6,23,0.25
2006,6,24,0.6
2006,6,25,1.22
2006,6,26,1.59
2006,7,2,0.15
2006,7,4,0.34
2006,7,5,0.65
2006,7,6,0.2
2006,7,13,0.57
2006,7,14,0.36
2006,7,20,0.27
2006,7,22,0.25
2006,7,24,0.6
2006,7,29,0.27
2006,8,10,0.13
2006,8,11,0.07
2006,8,12,0.38
2006,8,19,0.74
2006,8,20,0.13
2006,8,28,0.12
2006,8,29,0.17
2006,8,31,3.52
2006,9,1,0.54
2006,9,2,0.06
2006,9,4,1.97
2006,9,5,0.91
2006,9,7,0.18
2006,9,8,0.24
2006,9,12,0.29
2006,9,13,1.23
2006,9,18,1
2006,9,19,0.06
2006,9,22,0.44
2006,9,23,0.44
2006,9,24,1.2
2006,9,28,0.23
2006,10,5,0.2
2006,10,11,0.12
2006,10,16,1.14
2006,10,17,3.49
2006,10,18,0.07
2006,10,19,1.08
2006,10,22,0.18
2006,10,27,2.25
2006,11,1,0.2
2006,11,7,1.57
2006,11,11,0.07
2006,11,15,3.54
2006,11,16,0.79
2006,11,29,0.6
2006,11,30,1.99
2006,12,1,1.98
2006,12,13,0.33
2006,12,21,0.12
2006,12,22,2.55
2006,12,25,1.19
2006,12,26,0.36
2006,12,30,0.35
2006,12,31,4.28
2007,1,4,0.18
2007,1,5,1.18
2007,1,7,2.13
2007,1,8,0.18
2007,1,9,0.18
2007,1,15,0.23
2007,1,18,0.21
2007,1,21,1.66
2007,1,23,0.04
2007,2,1,0.54
2007,2,2,0.06
2007,2,13,0.07
2007,2,14,0.66
2007,2,18,0.06
2007,2,20,0.06
2007,2,21,0.29
2007,2,25,1.07
2007,3,1,3.37
2007,3,2,0.18
2007,3,14,0.03
2007,3,15,0.94
2007,3,16,1.06
2007,3,29,0.04
2007,4,1,2.17
2007,4,2,0.21
2007,4,4,0.58
2007,4,11,0.38
2007,4,14,0.99
2007,4,15,0.79
2007,4,16,0.06
2007,4,26,0.75
2007,5,5,0.81
2007,5,12,0.57
2007,6,1,2.12
2007,6,3,0.06
2007,6,11,0.63
2007,6,12,0.63
2007,6,14,2.37
2007,6,15,0.72
2007,6,18,0.35
2007,6,19,0.72
2007,6,20,0.17
2007,6,25,0.47
2007,6,28,1.37
2007,6,29,0.35
2007,7,1,0.44
2007,7,6,0.87
2007,7,7,0.25
2007,7,9,0.62
2007,7,10,0.25
2007,7,11,1.08
2007,7,17,0.5
2007,7,20,0.06
2007,7,22,0.56
2007,7,24,0.21
2007,7,28,0.51
2007,7,30,0.65
2007,8,3,0.29
2007,8,5,1.13
2007,8,24,1.59
2007,8,25,0.13
2007,8,26,0.06
2007,8,30,0.24
2007,8,31,1.07
2007,9,11,0.06
2007,9,14,2.18
2007,9,19,0.02
2007,10,4,0.23
2007,10,17,0.02
2007,10,18,0.67
2007,10,19,0.57
2007,10,22,1.12
2007,10,23,2.46
2007,10,24,0.6
2007,11,6,0.19
2007,11,14,1.28
2007,11,15,0.26
2007,11,21,0.8
2007,11,22,0.74
2007,11,25,0.43
2007,11,26,1.05
2007,12,2,0.44
2007,12,3,0.14
2007,12,9,0.21
2007,12,13,0.14
2007,12,15,0.99
2007,12,16,0.14
2007,12,20,0.25
2007,12,21,0.81
2007,12,22,0.43
2007,12,23,0.94
2007,12,25,0.05
2007,12,26,0.06
2007,12,28,1.49
2007,12,29,0.22
2007,12,30,1.21
2008,1,2,0.03
2008,1,9,0.23
2008,1,10,2.46
2008,1,11,0.63
2008,1,16,0.42
2008,1,17,1.16
2008,1,19,0.12
2008,1,22,0.67
2008,1,29,0.98
2008,1,30,0.31
2008,1,31,0.81
2008,2,1,1.57
2008,2,3,0.24
2008,2,4,0.19
2008,2,5,0.13
2008,2,6,0.81
2008,2,7,0.64
2008,2,10,0.07
2008,2,13,0.38
2008,2,17,1.8
2008,2,21,0.58
2008,2,22,0.33
2008,2,26,1.03
2008,2,29,0.19
2008,3,4,4.71
2008,3,7,1.97
2008,3,8,0.24
2008,3,14,0.36
2008,3,15,1.56
2008,3,19,1.97
2008,3,29,0.23
2008,3,31,0.08
2008,4,1,0.22
2008,4,4,0.95
2008,4,5,1.09
2008,4,11,0.38
2008,4,12,0.2
2008,4,19,0.86
2008,4,27,0.68
2008,4,28,0.69
2008,5,3,0.17
2008,5,8,0.56
2008,5,9,0.06
2008,5,10,0.13
2008,5,11,1.51
2008,5,15,1.11
2008,5,16,0.19
2008,5,18,0.46
2008,5,20,1.23
2008,5,23,0.27
2008,5,28,0.15
2008,5,29,0.07
2008,5,31,0.08
2008,6,1,0.47
2008,6,2,0.21
2008,6,14,0.39
2008,6,16,0.27
2008,6,21,0.01
2008,6,28,0.47
2008,6,29,0.24
2008,7,6,0.74
2008,7,8,0.27
2008,7,9,0.41
2008,7,10,0.1
2008,7,13,0.37
2008,7,21,0.25
2008,7,22,0.18
2008,7,28,0.63
2008,7,29,0.16
2008,7,31,0.55
2008,8,7,0.12
2008,8,14,0.08
2008,8,16,0.47
2008,8,25,3.12
2008,8,26,6.47
2008,8,27,0.56
2008,9,8,0.17
2008,9,9,0.18
2008,9,11,0.39
2008,9,12,0.26
2008,9,14,0.06
2008,9,15,0.14
2008,9,17,0.06
2008,9,29,0.06
2008,10,7,2.38
2008,10,8,0.05
2008,10,19,0.01
2008,10,24,2.32
2008,10,25,0.17
2008,10,30,0.01
2008,11,7,0.18
2008,11,13,1.44
2008,11,14,0.61
2008,11,15,0.73
2008,11,24,1.37
2008,11,29,0.48
2008,11,30,0.6
2008,12,1,0.36
2008,12,3,0.06
2008,12,4,0.12
2008,12,9,0.8
2008,12,10,2.68
2008,12,11,2.61
2008,12,15,0.91
2008,12,16,0.43
2008,12,17,1.04
2008,12,19,0.12
2008,12,20,0.51
2008,12,21,0.57
2008,12,24,0.63
2008,12,26,0.12
2008,12,27,0.17
2008,12,28,1.22
2009,1,2,0.17
2009,1,3,0.06
2009,1,4,0.55
2009,1,5,0.73
2009,1,6,5.04
2009,1,7,0.55
2009,1,10,0.3
2009,1,12,0.06
2009,1,18,0.28
2009,1,19,0.1
2009,1,28,0.61
2009,1,31,0.08
2009,2,2,0.23
2009,2,11,0.85
2009,2,18,1.71
2009,2,27,1.05
2009,2,28,1.48
2009,3,1,0.28
2009,3,3,0.07
2009,3,14,1.82
2009,3,15,1.16
2009,3,16,0.18
2009,3,25,1.83
2009,3,26,0.8
2009,3,27,1.72
2009,3,28,1.28
2009,3,29,0.18
2009,4,1,0.55
2009,4,2,0.91
2009,4,3,0.8
2009,4,7,0.06
2009,4,8,0.06
2009,4,10,2.08
2009,4,13,0.43
2009,4,14,0.37
2009,4,19,2.34
2009,4,20,0.06
2009,4,28,0.06
2009,5,1,0.49
2009,5,2,0.16
2009,5,3,1.64
2009,5,4,0.22
2009,5,5,0.22
2009,5,6,1.26
2009,5,7,0.11
2009,5,8,0.88
2009,5,9,0.11
2009,5,11,0.13
2009,5,15,1.71
2009,5,16,0.5
2009,5,17,0.24
2009,5,23,0.06
2009,5,24,0.83
2009,5,25,1.25
2009,5,26,1.85
2009,5,27,0.18
2009,5,28,0.36
2009,5,29,0.05
2009,6,4,0.27
2009,6,5,0.35
2009,6,11,0.49
2009,6,12,0.08
2009,6,13,0.08
2009,6,15,0.17
2009,6,17,0.3
2009,6,21,0.51
2009,7,1,0.28
2009,7,5,0.51
2009,7,7,0.96
2009,7,8,0.95
2009,7,12,0.32
2009,7,13,0.13
2009,7,16,0.15
2009,7,23,0.07
2009,7,28,0.7
2009,7,29,0.56
2009,7,30,0.42
2009,7,31,0.35
2009,8,2,0.35
2009,8,10,0.05
2009,8,11,0.1
2009,8,12,0.15
2009,8,16,0.4
2009,8,17,0.15
2009,8,18,0.75
2009,8,19,0.55
2009,8,20,0.9
2009,8,21,0.05
2009,8,22,0.05
2009,8,27,0.36
2009,8,28,0.54
2009,8,30,0.42
2009,8,31,0.71
2009,9,9,0.74
2009,9,15,0.91
2009,9,16,1.47
2009,9,17,0.37
2009,9,18,0.31
2009,9,19,0.12
2009,9,20,5.25
2009,9,21,6.78
2009,9,26,2.28
2009,10,4,0.25
2009,10,5,1.24
2009,10,6,0.06
2009,10,7,0.5
2009,10,9,0.12
2009,10,12,1.08
2009,10,14,1.14
2009,10,15,0.57
2009,10,23,3.05
2009,10,24,0.12
2009,10,27,2.17
2009,10,30,0.12
2009,10,31,2.1
2009,11,2,0.12
2009,11,10,3.56
2009,11,11,1.48
2009,11,17,0.99
2009,11,18,1.55
2009,11,22,0.53
2009,11,23,0.08
2009,11,30,0.56
2009,12,1,0.13
2009,12,2,3.35
2009,12,5,0.06
2009,12,6,0.06
2009,12,8,1.67
2009,12,9,1.55
2009,12,12,0.32
2009,12,13,1.09
2009,12,15,0.13
2009,12,18,1.82
2009,12,21,0.05
2009,12,24,0.47
2009,12,25,2.76
2009,12,30,0.28
2009,12,31,0.41
2010,1,7,0.08
2010,1,16,0.98
2010,1,17,1.83
2010,1,20,0.29
2010,1,21,0.93
2010,1,22,0.05
2010,1,24,3.78
2010,1,25,0.06
2010,1,29,0.5
2010,1,30,0.63
2010,2,2,1.01
2010,2,4,0.88
2010,2,5,3.04
2010,2,6,0.05
2010,2,9,0.41
2010,2,10,0.05
2010,2,12,0.24
2010,2,13,0.05
2010,2,15,0.41
2010,2,22,0.75
2010,3,2,0.82
2010,3,3,0.07
2010,3,11,0.76
2010,3,12,0.94
2010,3,13,0.06
2010,3,21,1.97
2010,3,25,0.19
2010,3,28,1.38
2010,4,8,1.96
2010,4,20,0.19
2010,4,24,2.46
2010,4,25,0.55
2010,4,26,0.06
2010,4,27,0.06
2010,5,1,0.06
2010,5,2,0.06
2010,5,3,2.6
2010,5,10,0.23
2010,5,11,0.14
2010,5,12,0.08
2010,5,16,0.66
2010,5,17,0.22
2010,5,20,0.06
2010,5,21,0.13
2010,5,25,0.25
2010,5,30,0.57
2010,5,31,2.07
2010,6,1,0.19
2010,6,2,0.14
2010,6,3,0.55
2010,6,4,0.07
2010,6,9,0.27
2010,6,10,0.34
2010,6,14,0.27
2010,6,15,0.62
2010,6,16,0.14
2010,6,25,1.23
2010,7,9,0.21
2010,7,12,1.09
2010,7,13,0.82
2010,7,14,0.07
2010,7,18,0.14
2010,7,22,0.75
2010,7,26,1.85
2010,7,31,0.49
2010,8,6,0.62
2010,8,11,0.19
2010,8,13,0.44
2010,8,14,0.06
2010,8,15,0.63
2010,8,17,0.25
2010,8,18,0.17
2010,8,19,0.12
2010,8,21,2.27
2010,8,26,0.77
2010,8,27,0.12
2010,9,11,1.28
2010,9,12,0.05
2010,9,22,0.41
2010,9,26,1.82
2010,9,27,2.17
2010,9,29,0.84
2010,9,30,0.25
2010,10,1,0.15
2010,10,2,0.05
2010,10,12,0.39
2010,10,25,1.89
2010,10,26,1.6
2010,10,27,1.42
2010,11,4,0.35
2010,11,15,0.69
2010,11,16,1.05
2010,11,23,0.05
2010,11,25,0.23
2010,11,26,0.56
2010,11,29,1.63
2010,11,30,4.85
2010,12,4,0.53
2010,12,12,0.76
2010,12,16,2.26
2010,12,18,0.06
2010,12,22,0.19
2010,12,25,0.5
2010,12,26,0.17
2011,1,1,1.65
2011,1,2,0.07
2011,1,5,0.13
2011,1,6,0.07
2011,1,7,0.27
2011,1,8,0.14
2011,1,10,1
2011,1,11,0.07
2011,1,18,0.23
2011,1,25,0.41
2011,1,26,0.54
2011,2,1,2
2011,2,3,0.12
2011,2,4,1.01
2011,2,5,0.12
2011,2,8,0.06
2011,2,10,0.08
2011,2,22,0.09
2011,2,25,0.78
2011,2,28,1.19
2011,3,4,0.35
2011,3,5,2.84
2011,3,6,2.78
2011,3,9,2.78
2011,3,10,0.53
2011,3,15,1.3
2011,3,23,0.95
2011,3,26,2.49
2011,3,27,0.24
2011,3,28,0.53
2011,3,30,0.82
2011,4,4,1.15
2011,4,5,0.66
2011,4,9,0.08
2011,4,11,0.16
2011,4,12,0.56
2011,4,15,2.73
2011,4,16,1.98
2011,4,20,0.25
2011,4,21,0.06
2011,4,22,0.06
2011,4,25,0.13
2011,4,26,0.25
2011,4,27,2.23
2011,4,28,1.05
2011,5,3,0.43
2011,5,4,0.06
2011,5,14,0.1
2011,5,26,2.82
2011,5,27,0.52
2011,6,2,1.06
2011,6,6,0.14
2011,6,10,0.73
2011,6,12,0.07
2011,6,15,1.75
2011,6,18,0.62
2011,6,19,0.12
2011,6,22,0.43
2011,6,23,0.9
2011,6,24,2.2
2011,7,4,0.37
2011,7,8,0.23
2011,7,16,0.15
2011,7,18,0.08
2011,7,20,0.24
2011,7,22,0.23
2011,7,25,0.16
2011,7,29,0.36
2011,7,30,0.09
2011,7,31,0.53
2011,8,1,0.09
2011,8,7,0.18
2011,8,14,0.39
2011,8,18,0.53
2011,8,19,0.06
2011,9,5,4.79
2011,9,6,1.3
2011,9,7,0.06
2011,9,8,0.05
2011,9,20,0.12
2011,9,21,1.25
2011,9,22,0.59
2011,9,23,0.89
2011,9,26,0.77
2011,10,10,0.11
2011,10,11,1.05
2011,10,13,0.57
2011,10,18,0.19
2011,10,19,1.16
2011,10,20,0.19
2011,10,28,0.53
2011,11,3,1.05
2011,11,14,0.12
2011,11,15,0.81
2011,11,16,1.31
2011,11,20,0.06
2011,11,21,0.06
2011,11,22,1.55
2011,11,27,0.63
2011,11,28,6.3
2011,11,29,0.11
2011,12,5,0.06
2011,12,6,2.22
2011,12,7,0.98
2011,12,16,0.71
2011,12,20,0.36
2011,12,21,1.13
2011,12,22,3.32
2011,12,27,1.42
2011,12,28,0.06
2012,1,7,0.06
2012,1,8,0.3
2012,1,9,0.36
2012,1,10,0.19
2012,1,11,2.08
2012,1,12,0.24
2012,1,13,0.06
2012,1,17,1.59
2012,1,18,0.05
2012,1,19,0.11
2012,1,20,0.8
2012,1,21,0.85
2012,1,22,0.22
2012,1,23,0.74
2012,1,26,0.93
2012,1,27,0.75
2012,2,1,0.93
2012,2,4,0.93
2012,2,14,0.14
2012,2,16,0.47
2012,2,19,0.72
2012,2,22,0.37
2012,2,23,0.25
2012,2,24,0.12
2012,2,29,0.25
2012,3,1,0.19
2012,3,2,0.99
2012,3,3,1.06
2012,3,8,0.35
2012,3,9,0.35
2012,3,10,0.07
2012,3,11,0.07
2012,3,12,0.28
2012,3,13,0.28
2012,3,16,0.32
2012,3,22,0.12
2012,3,23,1.3
2012,3,24,0.06
2012,3,30,0.5
2012,3,31,0.38
2012,4,3,0.75
2012,4,5,1.47
2012,4,6,0.51
2012,4,17,0.61
2012,4,18,2.05
2012,4,21,0.72
2012,4,26,1.33
2012,5,6,1.34
2012,5,7,0.12
2012,5,8,0.66
2012,5,9,0.12
2012,5,13,2.43
2012,5,14,0.6
2012,5,21,0.12
2012,5,22,1.06
2012,5,23,0.47
2012,5,29,0.12
2012,5,30,0.18
2012,5,31,1.55
2012,6,1,0.12
2012,6,4,0.95
2012,6,5,0.77
2012,6,10,0.42
2012,6,11,1.18
2012,6,13,0.21
2012,6,14,0.28
2012,6,22,0.83
2012,7,1,0.35
2012,7,2,0.93
2012,7,3,0.06
2012,7,5,0.12
2012,7,6,0.13
2012,7,8,0.43
2012,7,10,0.06
2012,7,11,0.24
2012,7,12,0.43
2012,7,13,1.91
2012,7,14,3.13
2012,7,15,0.37
2012,7,17,1.35
2012,7,18,0.18
2012,7,22,0.13
2012,7,30,0.3
2012,7,31,3.36
2012,8,2,0.7
2012,8,3,0.77
2012,8,4,0.06
2012,8,6,0.51
2012,8,7,0.31
2012,8,8,0.06
2012,8,9,1.37
2012,8,10,0.06
2012,8,11,0.12
2012,8,19,0.37
2012,8,25,0.18
2012,8,28,0.13
2012,8,29,0.98
2012,8,30,0.06
2012,9,2,0.73
2012,9,3,0.55
2012,9,4,0.61
2012,9,5,0.06
2012,9,16,0.12
2012,9,17,1.87
2012,9,18,2.99
2012,9,29,0.12
2012,9,30,0.05
2012,10,1,5.68
2012,10,2,1.89
2012,10,3,0.06
2012,10,8,0.06
2012,10,15,0.99
2012,10,18,0.06
2012,10,20,0.06
2012,10,21,0.06
2012,10,22,0.06
2012,11,6,0.09
2012,11,7,0.05
2012,11,8,0.05
2012,11,9,0.23
2012,11,12,0.6
2012,11,14,0.04
2012,11,19,0.04
2012,11,27,0.07
2012,12,9,0.15
2012,12,10,1.48
2012,12,16,1.12
2012,12,17,0.71
2012,12,20,1.6
2012,12,22,0.06
2012,12,24,1.17
2012,12,25,0.43
2012,12,26,1.97
2012,12,28,0.31
2012,12,29,0.18
2012,12,30,0.06
2013,1,1,0.71
2013,1,2,0.06
2013,1,10,0.06
2013,1,11,1.78
2013,1,12,0.36
2013,1,13,0.59
2013,1,14,2.91
2013,1,15,4.04
2013,1,16,1.19
2013,1,17,2.91
2013,1,25,0.41
2013,1,29,0.59
2013,1,30,7.05
2013,1,31,0.06
2013,2,2,0.41
2013,2,3,0.12
2013,2,7,0.13
2013,2,8,0.14
2013,2,10,1.45
2013,2,11,0.93
2013,2,12,0.14
2013,2,13,0.06
2013,2,19,0.3
2013,2,20,0.06
2013,2,21,0.59
2013,2,22,0.88
2013,2,23,0.47
2013,2,24,0.05
2013,2,26,2.58
2013,2,27,0.06
2013,3,2,0.06
2013,3,5,1.11
2013,3,6,0.12
2013,3,11,1.8
2013,3,12,0.06
2013,3,18,0.8
2013,3,24,1.68
2013,3,25,0.06
2013,3,30,0.34
2013,3,31,1.28
2013,4,4,0.78
2013,4,11,2.77
2013,4,12,0.78
2013,4,14,0.12
2013,4,15,0.18
2013,4,17,1.62
2013,4,19,1.87
2013,4,24,0.06
2013,4,27,0.44
2013,4,28,2.73
2013,4,29,0.06
2013,5,4,1.26
2013,5,5,2.46
2013,5,6,0.36
2013,5,10,0.07
2013,5,11,0.26
2013,5,18,0.51
2013,5,19,0.83
2013,5,21,1.21
2013,5,22,0.36
2013,5,23,0.11
2013,6,1,0.24
2013,6,2,0.97
2013,6,5,1.84
2013,6,7,0.3
2013,6,8,0.05
2013,6,9,1.73
2013,6,10,1.19
2013,6,11,0.35
2013,6,13,0.77
2013,6,17,0.18
2013,6,18,0.24
2013,6,24,0.06
2013,6,25,0.06
2013,6,27,0.47
2013,7,1,0.89
2013,7,2,1.96
2013,7,3,3.21
2013,7,4,2.91
2013,7,5,1.84
2013,7,6,2.31
2013,7,7,0.3
2013,7,8,1.07
2013,7,9,0.36
2013,7,10,0.3
2013,7,11,0.41
2013,7,12,0.12
2013,7,13,0.06
2013,7,14,1.42
2013,7,17,0.06
2013,7,18,0.06
2013,7,19,0.12
2013,7,20,0.3
2013,7,21,0.12
2013,7,24,0.12
2013,7,26,1.13
2013,7,27,0.38
2013,7,28,0.13
2013,7,31,0.19
2013,8,6,0.19
2013,8,7,0.7
2013,8,8,0.44
2013,8,13,0.6
2013,8,17,0.3
2013,8,18,0.35
2013,8,19,0.95
2013,8,21,0.35
2013,8,22,0.18
2013,8,23,0.06
2013,8,28,0.06
2013,8,31,0.25
2013,9,1,0.37
2013,9,3,0.25
2013,9,12,0.25
2013,9,21,1.92
2013,9,25,1.87
2013,10,6,0.5
2013,10,7,1.14
2013,10,11,0.01
2013,10,12,0.1
2013,10,13,0.01
2013,10,14,0.01
2013,10,15,0.01
2013,10,16,0.02
2013,10,17,0.36
2013,10,18,0.01
2013,10,20,0
2013,10,21,0.01
2013,10,22,0.01
2013,10,23,0
2013,10,25,0
2013,10,26,0.01
2013,10,28,0.01
2013,10,30,0.01
2013,10,31,0.38
2013,11,1,0.97
2013,11,2,0.06
2013,11,4,0.01
2013,11,5,0
2013,11,6,0.19
2013,11,7,0.14
2013,11,8,0
2013,11,9,0.01
2013,11,13,0.01
2013,11,14,0.01
2013,11,15,0.81
2013,11,16,0.06
2013,11,17,0.88
2013,11,18,0.1
2013,11,19,0
2013,11,21,0.09
2013,11,22,0.22
2013,11,24,0.01
2013,11,25,0.07
2013,11,26,4.04
2013,11,27,0.18
2013,11,28,0.07
2013,12,4,0.03
2013,12,5,1.04
2013,12,6,1.38
2013,12,7,0
2013,12,8,0.95
2013,12,9,1.78
2013,12,10,0.47
2013,12,14,1.15
2013,12,15,0.03
2013,12,17,0
2013,12,21,0.92
2013,12,22,4.93
2013,12,23,0.05
2013,12,28,0.73
2013,12,29,0.65
2013,12,30,0
2014,1,2,0.82
2014,1,5,0.16
2014,1,6,0.18
2014,1,9,0.02
2014,1,10,1.04
2014,1,11,2.22
2014,1,13,0.3
2014,1,14,0.29
2014,1,22,0.12
2014,1,28,0.27
2014,1,29,0.01
2014,2,2,0.51
2014,2,3,1.27
2014,2,4,0.2
2014,2,5,0.4
2014,2,11,0.14
2014,2,12,1.26
2014,2,13,0.15
2014,2,14,0.03
2014,2,15,0.18
2014,2,17,0.09
2014,2,18,0.12
2014,2,19,0.57
2014,2,21,1.06
2014,3,2,0.01
2014,3,3,0.56
2014,3,6,0.16
2014,3,7,0.21
2014,3,12,0.43
2014,3,16,1.25
2014,3,17,0.6
2014,3,23,0.1
2014,3,25,0.1
2014,3,28,0.32
2014,3,29,0.98
2014,4,6,0.12
2014,4,7,3.56
2014,4,14,0.68
2014,4,15,0.64
2014,4,18,0.56
2014,4,19,0.32
2014,4,20,0.01
2014,4,28,0.11
2014,4,29,1.99
2014,4,30,0.18
2014,5,9,0.62
2014,5,10,0.16
2014,5,14,1.68
2014,5,15,0.8
2014,5,18,0.36
2014,5,27,0.4
2014,5,29,0.3
2014,5,30,0.21
2014,6,4,0.03
2014,6,5,0.33
2014,6,8,0.23
2014,6,10,0.91
2014,6,11,0.49
2014,6,12,0.72
2014,6,13,0.13
2014,6,15,0.06
2014,6,16,0.13
2014,6,18,0.44
2014,6,19,1.52
2014,6,20,0.29
2014,6,22,0.74
2014,6,24,0.38
2014,6,25,0.02
2014,6,27,0.16
2014,6,28,0.13
2014,6,29,0.58
2014,6,30,0.58
2014,7,3,0.01
2014,7,8,0.27
2014,7,9,1.29
2014,7,10,0.03
2014,7,11,0.12
2014,7,12,0.02
2014,7,14,0.28
2014,7,15,0.31
2014,7,18,1.2
2014,7,19,2.87
2014,7,20,0.01
2014,7,21,0.44
2014,7,24,0.17
2014,7,28,0.99
2014,8,2,0.16
2014,8,4,0.13
2014,8,8,1.95
2014,8,10,0.02
2014,8,18,0.4
2014,8,20,0.02
2014,8,21,0.11
2014,8,30,0.65
2014,8,31,0.41
2014,9,3,0.99
2014,9,7,0.34
2014,9,8,0.43
2014,9,11,0.33
2014,9,12,0.01
2014,9,21,0.08
2014,9,22,0.03
2014,9,29,0.42
2014,10,3,1.68
2014,10,6,0.27
2014,10,7,1.29
2014,10,8,0.45
2014,10,12,0.77
2014,10,13,0.23
2014,10,14,6.95
2014,10,15,0.06
2014,10,16,0.04
2014,10,18,0.02
2014,10,19,0.02
2014,10,20,0.02
2014,10,24,0.02
2014,10,29,0.01
2014,11,6,0.39
2014,11,16,0.45
2014,11,17,1.78
2014,11,23,2.86
2014,11,26,0.18
2014,11,27,0.04
2014,12,6,1.08
2014,12,16,0.32
2014,12,22,0.36
2014,12,23,2.26
2014,12,24,0.82
2014,12,28,0.36
2014,12,29,0.48
2015,1,2,0.45
2015,1,3,0.75
2015,1,4,1.95
2015,1,11,0.13
2015,1,12,0.47
2015,1,13,0.02
2015,1,20,0.03
2015,1,23,1.37
2015,1,26,0.03
2015,2,1,1.62
2015,2,2,0.52
2015,2,3,0.09
2015,2,4,0.07
2015,2,9,0.31
2015,2,16,2.41
2015,2,18,0.11
2015,2,21,0.71
2015,2,22,0.46
2015,2,23,0.04
2015,2,24,0.29
2015,2,25,0.37
2015,2,27,0.02
2015,3,1,0.02
2015,3,2,0.04
2015,3,3,0.23
2015,3,4,0.27
2015,3,5,0.39
2015,3,7,0
2015,3,8,0.01
2015,3,9,0.17
2015,3,10,0.34
2015,3,11,0.25
2015,3,13,0.63
2015,3,14,0.47
2015,3,15,0.02
2015,3,19,0.7
2015,3,22,0.28
2015,3,23,0.07
2015,3,27,0.13
2015,3,30,0.6
2015,3,31,0.02
2015,4,2,0.24
2015,4,3,0.61
2015,4,4,0.19
2015,4,6,2.17
2015,4,7,0.07
2015,4,10,0.28
2015,4,13,0.56
2015,4,14,1.44
2015,4,15,0.55
2015,4,16,0.18
2015,4,17,0.39
2015,4,19,3.77
2015,4,20,0.29
2015,4,22,0.19
2015,4,25,0.57
2015,4,26,0.26
2015,4,30,0.16
2015,5,10,0.38
2015,5,18,0.61
2015,5,19,0.04
2015,5,25,0.49
2015,5,26,2.5
2015,5,27,0.05
2015,5,28,0.08
2015,5,31,0.35
2015,6,1,0.73
2015,6,2,0.14
2015,6,3,1.39
2015,6,5,0.39
2015,6,8,0.56
2015,6,9,0.56
2015,6,11,0.1
2015,6,12,0.7
2015,6,15,0.12
2015,6,19,0.32
2015,6,20,0.1
2015,6,24,0.73
2015,6,25,0.06
2015,6,26,0.04
2015,6,27,0.52
2015,6,28,0.11
2015,6,29,0.02
2015,6,30,0.09
2015,7,1,0.19
2015,7,2,1.18
2015,7,3,1.45
2015,7,4,0.78
2015,7,5,0.47
2015,7,6,0.09
2015,7,10,0.01
2015,7,13,0.01
2015,7,14,0.51
2015,7,15,0.15
2015,7,20,0.11
2015,7,21,0.03
2015,7,23,0.01
2015,7,24,0.07
2015,7,25,0.03
2015,7,26,0.12
2015,7,27,0.05
2015,7,28,1.35
2015,8,5,0.06
2015,8,6,0.09
2015,8,7,0.01
2015,8,10,1.49
2015,8,14,1.07
2015,8,15,0.05
2015,8,17,0.9
2015,8,18,0.46
2015,8,19,0.13
2015,8,20,0.01
2015,8,23,1.23
2015,9,5,0.11
2015,9,7,0.15
2015,9,8,0.14
2015,9,9,1.98
2015,9,10,0.06
2015,9,24,0.42
2015,9,25,1.88
2015,9,26,0.28
2015,9,27,0.09
2015,9,28,0.16
2015,9,29,1.5
2015,10,1,0.16
2015,10,2,1.99
2015,10,3,2.89
2015,10,4,0.15
2015,10,10,0.83
2015,10,13,0.24
2015,10,26,0.53
2015,10,27,1.31
2015,10,28,1.45
2015,10,31,0.16
2015,11,1,0.69
2015,11,2,2.49
2015,11,3,0.02
2015,11,5,0.07
2015,11,6,0.24
2015,11,7,0.36
2015,11,8,0.16
2015,11,9,2.56
2015,11,18,4.43
2015,11,19,0.04
2015,11,29,0.78
2015,11,30,1.35
2015,12,1,2.19
2015,12,2,2.59
2015,12,14,1.33
2015,12,17,0.82
2015,12,19,0.08
2015,12,21,0.65
2015,12,22,0.78
2015,12,23,3.04
2015,12,24,6.21
2015,12,25,2.58
2015,12,26,0.12
2015,12,27,0.31
2015,12,28,3.12
2015,12,30,1.1
2016,1,8,0.23
2016,1,9,0.62
2016,1,10,0.13
2016,1,15,1.59
2016,1,18,0.12
2016,1,20,0.04
2016,1,21,0.27
2016,1,22,2.25
2016,1,23,0.04
2016,1,26,0.33
2016,1,27,0.06
2016,2,2,0.27
2016,2,3,4.58
2016,2,9,0.03
2016,2,12,0.13
2016,2,15,0.97
2016,2,16,0.55
2016,2,17,0.02
2016,2,21,0.04
2016,2,22,0.68
2016,2,23,2.16
2016,2,24,2.03
2016,2,25,0.05
2016,3,1,0.94
2016,3,3,0.39
2016,3,4,0.04
2016,3,13,1.12
2016,3,14,0.59
2016,3,20,0.02
2016,3,24,0.19
2016,3,25,0.16
2016,3,27,0.2
2016,3,28,0.04
2016,3,31,1.15
2016,4,1,1
2016,4,6,0.82
2016,4,7,0.25
2016,4,8,0.06
2016,4,21,0.25
2016,4,22,1.23
2016,4,27,0.02
2016,4,30,1.09
2016,5,1,0.71
2016,5,2,0.45
2016,5,3,0.21
2016,5,6,0.02
2016,5,8,0.04
2016,5,12,0.4
2016,5,17,0.7
2016,5,20,0.68
2016,5,21,0
2016,5,31,0.13
2016,6,1,0.29
2016,6,2,0.09
2016,6,4,0.71
2016,6,5,0.63
2016,6,14,0.02
2016,6,15,0.49
2016,6,17,0.26
2016,6,26,0.12
2016,6,27,0.87
2016,6,28,0.17
2016,6,30,1.98
2016,7,4,0.11
2016,7,5,0.12
2016,7,6,0.7
2016,7,7,0.14
2016,7,8,0.26
2016,7,10,0.01
2016,7,11,0.99
2016,7,13,1.51
2016,7,14,0.12
2016,7,15,1.27
2016,7,16,0.09
2016,7,17,1.2
2016,7,18,0.14
2016,7,19,0.03
2016,7,21,0.04
2016,7,22,0.11
2016,7,24,0.11
2016,7,25,0.28
2016,7,26,0.26
2016,7,28,0.03
2016,7,29,0
2016,7,31,0.01
2016,8,1,0.55
2016,8,2,0.22
2016,8,4,0.2
2016,8,6,0.2
2016,8,7,0.75
2016,8,8,0.05
2016,8,9,1.47
2016,8,10,0.78
2016,8,11,0.1
2016,8,12,0.25
2016,8,14,0.03
2016,8,16,0.2
2016,8,17,0.42
2016,8,18,0.52
2016,8,19,0.03
2016,8,20,0.44
2016,8,21,0.4
2016,8,27,0.03
2016,8,28,1.06
2016,8,29,0.11
2016,8,30,0.03
2016,9,1,0.06
2016,9,11,0.05
2016,9,15,0
2016,9,18,0.37
2016,9,19,0
2016,9,25,0.02
2016,9,26,0.08
2016,9,27,0.08
2016,10,7,0.4
2016,10,16,0.15
2016,10,27,0.05
2016,11,24,0.15
2016,11,28,0.34
2016,11,29,2.7
2016,11,30,2.86
2016,12,4,1.62
2016,12,5,0.35
2016,12,6,1.3
2016,12,12,0.48
2016,12,13,0.41
2016,12,17,0.61
2016,12,18,0.4
2016,12,26,0.27
2016,12,27,0.34
2016,12,29,1
2016,12,31,0.05
2017,1,1,1.17
2017,1,2,1.07
2017,1,3,0.2
2017,1,6,0.28
2017,1,7,0.29
2017,1,10,0.13
2017,1,11,0.58
2017,1,18,0.25
2017,1,20,0.15
2017,1,21,0.56
2017,1,22,1.82
2017,1,23,0.01
2017,1,25,0.01
2017,1,26,0.26
2017,1,29,0.09
2017,1,30,0.02
2017,2,6,0.13
2017,2,7,0.57
2017,2,8,0.78
2017,2,9,0.02
2017,2,12,0.02
2017,2,15,0.37
2017,2,19,0.01
2017,2,22,0.49
2017,2,28,1.43
2017,3,1,0.93
2017,3,7,1.07
2017,3,8,0.13
2017,3,10,0.91
2017,3,11,0.12
2017,3,12,0.45
2017,3,13,0.09
2017,3,14,0.07
2017,3,18,0.34
2017,3,21,0.59
2017,3,26,1.08
2017,3,27,0.55
2017,3,28,0.27
2017,3,30,0.47
2017,3,31,0.62
2017,4,3,1.66
2017,4,4,0.13
2017,4,5,1.35
2017,4,6,0.31
2017,4,17,0.33
2017,4,18,0.62
2017,4,19,0.39
2017,4,20,0.15
2017,4,21,0.28
2017,4,22,0.87
2017,4,23,3.53
2017,4,24,0.05
2017,4,27,0.2
2017,4,29,0.06
2017,4,30,0.01
2017,5,1,1.29
2017,5,4,1.46
2017,5,5,0.3
2017,5,6,0.19
2017,5,7,0.11
2017,5,8,0.03
2017,5,12,0.1
2017,5,13,0.17
2017,5,18,0.54
2017,5,19,0.09
2017,5,20,0.38
2017,5,21,2.84
2017,5,22,0.12
2017,5,23,1.07
2017,5,24,0.86
2017,5,27,0.02
2017,5,28,0.26
2017,5,29,0.17
2017,5,30,0.01
2017,6,4,0.76
2017,6,5,0.69
2017,6,6,0.01
2017,6,12,0.24
2017,6,13,0.08
2017,6,14,0.09
2017,6,15,0.27
2017,6,16,0.01
2017,6,17,0.08
2017,6,18,0.05
2017,6,19,0.15
2017,6,21,0.38
2017,6,22,1.23
2017,6,23,0.65
2017,6,24,0.24
2017,6,29,0.14
2017,6,30,1.14
2017,7,1,0.13
2017,7,2,0.86
2017,7,3,0.6
2017,7,4,0.25
2017,7,5,0
2017,7,6,0.03
2017,7,7,0.19
2017,7,8,0.09
2017,7,13,0.42
2017,7,14,0.15
2017,7,15,0.47
2017,7,16,0.06
2017,7,19,0.03
2017,7,20,0.02
2017,7,23,0.19
2017,7,24,0.73
2017,7,28,0.8
2017,8,4,0.46
2017,8,6,0.37
2017,8,7,2.2
2017,8,8,0.43
2017,8,10,0.4
2017,8,11,1.44
2017,8,12,0.04
2017,8,14,0.54
2017,8,15,0.01
2017,8,17,0.1
2017,8,30,0.09
2017,8,31,0.97
2017,9,1,1.16
2017,9,5,0.52
2017,9,6,0.6
2017,9,11,1.54
2017,9,12,0.93
2017,9,14,0.16
2017,9,29,0.18
2017,10,7,0.09
2017,10,8,6.3
2017,10,9,0.28
2017,10,10,0.06
2017,10,15,0.03
2017,10,16,0.49
2017,10,23,3.65
2017,10,28,1.86
2017,10,29,0
2017,11,6,0
2017,11,7,0.63
2017,11,8,0.01
2017,11,9,0.04
2017,11,12,0.36
2017,11,13,0.01
2017,11,18,0.62
2017,11,19,0.02
2017,11,21,0
2017,11,30,0.03
2017,12,5,1.01
2017,12,8,0.8
2017,12,9,0.28
2017,12,20,1.28
2017,12,22,0.25
2017,12,23,1
2017,12,31,0.02
2018,1,8,0
2018,1,10,0.05
2018,1,11,3.22
2018,1,12,1.48
2018,1,13,0
2018,1,17,0.04
2018,1,22,0.94
2018,1,23,0.03
2018,1,27,0.52
2018,1,28,1.07
2018,1,29,0
2018,2,1,0.11
2018,2,2,0.01
2018,2,4,1.33
2018,2,5,0.05
2018,2,6,0.05
2018,2,7,1.95
2018,2,10,3.22
2018,2,11,4.15
2018,2,12,0.56
2018,2,13,0.14
2018,2,15,0.33
2018,2,16,0.01
2018,2,17,0.55
2018,2,18,0.08
2018,2,19,0.12
2018,2,20,0.07
2018,2,21,1.69
2018,2,24,0.05
2018,2,25,0.43
2018,2,26,0.17
2018,2,28,1.28
2018,3,1,1.28
2018,3,6,0.72
2018,3,11,0.14
2018,3,12,0.49
2018,3,17,0.38
2018,3,19,0.72
2018,3,20,0.29
2018,3,24,0.54
2018,3,25,0.26
2018,3,29,1.08
2018,4,4,0.05
2018,4,6,0.2
2018,4,7,0.74
2018,4,9,0.16
2018,4,15,2.35
2018,4,16,0.02
2018,4,22,0.21
2018,4,23,4.21
2018,4,24,0.87
2018,4,25,0.01
2018,4,26,0.63
2018,4,27,0
2018,5,6,0.02
2018,5,7,0.86
2018,5,8,0.35
2018,5,9,0.02
2018,5,15,0.62
2018,5,16,1.1
2018,5,17,3.01
2018,5,18,0.31
2018,5,19,0.6
2018,5,20,0.01
2018,5,22,0.92
2018,5,23,0.02
2018,5,25,0.3
2018,5,26,2.37
2018,5,27,0.44
2018,5,28,2.3
2018,5,29,5.38
2018,5,30,2.54
2018,5,31,0.07
2018,6,1,0.1
2018,6,10,0.04
2018,6,11,0.22
2018,6,12,0
2018,6,19,0.17
2018,6,22,0.14
2018,6,23,0.33
2018,6,24,0.03
2018,6,25,0.52
2018,6,26,0.22
2018,6,27,0.09
2018,6,28,0.45
2018,6,30,0.01
2018,7,1,0.11
2018,7,2,0.64
2018,7,5,0.41
2018,7,6,0.5
2018,7,7,0.92
2018,7,12,0.93
2018,7,13,3.08
2018,7,15,0.15
2018,7,16,1.14
2018,7,17,0.01
2018,7,21,0.98
2018,7,22,0.15
2018,7,23,0.11
2018,7,24,0.05
2018,7,25,0.01
2018,7,26,0.01
2018,7,31,1.86
2018,8,1,2.31
2018,8,2,1.16
2018,8,3,3.7
2018,8,5,0.25
2018,8,6,0.4
2018,8,8,0.41
2018,8,9,0.78
2018,8,10,0.35
2018,8,11,0.02
2018,8,18,0.28
2018,8,19,0.07
2018,8,20,0.41
2018,8,21,0.11
2018,8,29,0.3
2018,8,31,0.17
2018,9,1,0.02
2018,9,6,0.29
2018,9,8,0.02
2018,9,9,0.99
2018,9,10,0.37
2018,9,11,0.21
2018,9,16,0.65
2018,9,17,0.05
2018,9,24,0.31
2018,9,25,0.66
2018,9,26,0.43
2018,9,27,1.46
2018,9,28,0
2018,9,29,0.22
2018,9,30,0.06
2018,10,8,0.08
2018,10,9,0.16
2018,10,10,1.55
2018,10,11,1.43
2018,10,14,0.02
2018,10,16,0.9
2018,10,17,0.02
2018,10,20,0.2
2018,10,25,0.27
2018,10,26,3.12
2018,10,27,0.01
2018,11,1,1.04
2018,11,2,0.23
2018,11,4,0.16
2018,11,5,0.48
2018,11,6,0.76
2018,11,9,0.89
2018,11,12,2.72
2018,11,13,0.25
2018,11,14,0.57
2018,11,15,1.14
2018,11,19,0.15
2018,11,23,0.62
2018,11,24,0.94
2018,11,25,0.16
2018,11,26,0.02
2018,11,29,0.03
2018,11,30,0.84
2018,12,1,1.4
2018,12,2,0.03
2018,12,3,0
2018,12,8,1.51
2018,12,9,1.98
2018,12,10,0.48
2018,12,14,1.47
2018,12,15,0.58
2018,12,20,1.79
2018,12,21,1.42
2018,12,23,0.21
2018,12,27,2.11
2018,12,28,3.89
2018,12,30,0.02
2018,12,31,1.11
2019,1,1,0.09
2019,1,2,0.12
2019,1,3,0.8
2019,1,4,0.97
2019,1,5,0.02
2019,1,6,0
2019,1,7,0
2019,1,8,0
2019,1,9,0
2019,1,10,0
2019,1,11,0
2019,1,12,1.16
2019,1,13,0.27
2019,1,14,0
2019,1,15,0
2019,1,16,0
2019,1,17,0.17
2019,1,18,0.01
2019,1,19,2.66
2019,1,20,0.07
2019,1,21,0.08
2019,1,22,0
2019,1,23,1.8
2019,1,24,0.61
2019,1,25,0
2019,1,26,0
2019,1,27,0
2019,1,28,0
2019,1,29,0.19
2019,1,30,0.03
2019,1,31,0
2019,2,1,0
2019,2,2,0
2019,2,3,0
2019,2,4,0
2019,2,5,0
2019,2,6,0.04
2019,2,7,0.03
2019,2,8,0.04
2019,2,9,0
2019,2,10,0.68
2019,2,11,0.97
2019,2,12,2.05
2019,2,13,0
2019,2,14,0
2019,2,15,0.19
2019,2,16,0.79
2019,2,17,1.85
2019,2,18,0.19
2019,2,19,1.25
2019,2,20,2.33
2019,2,21,1.71
2019,2,22,2.88
2019,2,23,0.39
2019,2,24,0.45
2019,2,25,0
2019,2,26,0
2019,2,27,0.25
2019,2,28,0.18
2019,3,1,1.01
2019,3,2,0
2019,3,3,1.32
2019,3,4,0.01
2019,3,5,0
2019,3,6,0
2019,3,7,0
2019,3,8,1.37
2019,3,9,0.48
2019,3,10,0.48
2019,3,11,0
2019,3,12,0
2019,3,13,0
2019,3,14,0.78
2019,3,15,2.29
2019,3,16,0
2019,3,17,0
2019,3,18,0
2019,3,19,0
2019,3,20,0
2019,3,21,0.01
2019,3,22,0
2019,3,23,0
2019,3,24,0
2019,3,25,0.78
2019,3,26,0.2
2019,3,27,0
2019,3,28,0
2019,3,29,0
2019,3,30,0
2019,3,31,0.47
2019,4,1,0
2019,4,2,0
2019,4,3,0
2019,4,4,0
2019,4,5,0.91
2019,4,6,0
2019,4,7,0
2019,4,8,0.98
2019,4,9,1.25
2019,4,10,0
2019,4,11,0
2019,4,12,0.64
2019,4,13,0
2019,4,14,4.02
2019,4,15,0
2019,4,16,0
2019,4,17,0
2019,4,18,0
2019,4,19,4.5
2019,4,20,0.22
2019,4,21,0.04
2019,4,22,0
2019,4,23,0
2019,4,24,0
2019,4,25,0
2019,4,26,0.08
2019,4,27,0
2019,4,28,0
2019,4,29,0
2019,4,30,0
2019,5,1,0
2019,5,2,0.31
2019,5,3,0.3
2019,5,4,0.7
2019,5,5,0.92
2019,5,6,0
2019,5,7,0
2019,5,8,0
2019,5,9,0.12
2019,5,10,0
2019,5,11,3.36
2019,5,12,0.54
2019,5,13,0.01
2019,5,14,0
2019,5,15,0
2019,5,16,0
2019,5,17,0.1
2019,5,18,0
2019,5,19,0
2019,5,20,0
2019,5,21,0
2019,5,22,0
2019,5,23,0.2
2019,5,24,0
2019,5,25,0
2019,5,26,0
2019,5,27,0
2019,5,28,0
2019,5,29,0
2019,5,30,0
2019,5,31,0
2019,6,1,0
2019,6,2,0
2019,6,3,0
2019,6,4,0
2019,6,5,0.46
2019,6,6,0.34
2019,6,7,1.59
2019,6,8,3.36
2019,6,9,1.11
2019,6,10,1.13
2019,6,11,0
2019,6,12,0
2019,6,13,0
2019,6,14,0
2019,6,15,0
2019,6,16,0
2019,6,17,0.03
2019,6,18,1.1
2019,6,19,0.15
2019,6,20,0.72
2019,6,21,0
2019,6,22,0.32
2019,6,23,0.05
2019,6,24,0.44
2019,6,25,0
2019,6,26,0
2019,6,27,0
2019,6,28,0
2019,6,29,0
2019,6,30,0
2019,7,1,0
2019,7,2,0
2019,7,3,0.51
2019,7,4,0
2019,7,5,0.68
2019,7,6,0
2019,7,7,0.48
2019,7,8,0
2019,7,9,0
2019,7,10,0
2019,7,11,0.01
2019,7,12,0.01
2019,7,13,0.23
2019,7,14,0.18
2019,7,15,0
2019,7,16,0
2019,7,17,0.61
2019,7,18,0.25
2019,7,19,0.04
2019,7,20,0
2019,7,21,0
2019,7,22,0.13
2019,7,23,0.83
2019,7,24,0
2019,7,25,0
2019,7,26,0
2019,7,27,0
2019,7,28,0
2019,7,29,0
2019,7,30,0.04
2019,7,31,0
2019,8,1,0
2019,8,2,0.03
2019,8,3,0.06
2019,8,4,0.7
2019,8,5,1.13
2019,8,6,0
2019,8,7,0
2019,8,8,0
2019,8,9,0
2019,8,10,0
2019,8,11,0
2019,8,12,0
2019,8,13,0.18
2019,8,14,0
2019,8,15,0
2019,8,16,0
2019,8,17,0
2019,8,18,0.24
2019,8,19,0
2019,8,20,0.16
2019,8,21,0
2019,8,22,0.67
2019,8,23,0.33
2019,8,24,0.09
2019,8,25,0
2019,8,26,0.69
2019,8,27,0.68
2019,8,28,0
2019,8,29,0
2019,8,30,0
2019,8,31,0
2019,9,1,0
2019,9,2,0
2019,9,3,0
2019,9,4,0
2019,9,5,0
2019,9,6,0
2019,9,7,0
2019,9,8,0
2019,9,9,0
2019,9,10,0
2019,9,11,0
2019,9,12,0
2019,9,13,0
2019,9,14,0.07
2019,9,15,0
2019,9,16,0
2019,9,17,0
2019,9,18,0
2019,9,19,0
2019,9,20,0
2019,9,21,0
2019,9,22,0
2019,9,23,0
2019,9,24,0
2019,9,25,0
2019,9,26,0
2019,9,27,0
2019,9,28,0.77
2019,9,29,0
2019,9,30,0
2019,10,1,0
2019,10,2,0
2019,10,3,0
2019,10,4,0
2019,10,5,0
2019,10,6,0.16
2019,10,7,0.18
2019,10,8,0.06
2019,10,9,0
2019,10,10,0
2019,10,11,0
2019,10,12,0
2019,10,13,0.04
2019,10,14,0
2019,10,15,0
2019,10,16,0.46
2019,10,17,0
2019,10,18,0
2019,10,19,2.59
2019,10,20,0.13
2019,10,21,0
2019,10,22,0.76
2019,10,23,0
2019,10,24,0
2019,10,25,2.42
2019,10,26,2.42
2019,10,27,0.92
2019,10,28,0
2019,10,29,0
2019,10,30,3.62
2019,10,31,3.64
2019,11,1,0
2019,11,2,0
2019,11,3,0
2019,11,4,0
2019,11,5,0
2019,11,6,0
2019,11,7,0.44
2019,11,8,0
2019,11,9,0
2019,11,10,0
2019,11,11,0
2019,11,12,0.45
2019,11,13,0
2019,11,14,0.11
2019,11,15,0.05
2019,11,16,0
2019,11,17,0
2019,11,18,0
2019,11,19,0
2019,11,20,0
2019,11,21,0
2019,11,22,0.11
2019,11,23,1.95
2019,11,24,0
2019,11,25,0
2019,11,26,0
2019,11,27,0.67
2019,11,28,0
2019,11,29,0
2019,11,30,0.14
2019,12,1,1.31
2019,12,2,0
2019,12,3,0
2019,12,4,0
2019,12,5,0
2019,12,6,0
2019,12,7,0
2019,12,8,0
2019,12,9,0.2
2019,12,10,1.3
2019,12,11,0.03
2019,12,12,0.2
2019,12,13,1.19
2019,12,14,0.12
2019,12,15,0
2019,12,16,0.29
2019,12,17,1.37
2019,12,18,0
2019,12,19,0
2019,12,20,0
2019,12,21,0
2019,12,22,1
2019,12,23,0.83
2019,12,24,0
2019,12,25,0
2019,12,26,0
2019,12,27,0
2019,12,28,0.16
2019,12,29,1.77
2019,12,30,0.73
2019,12,31,0
2020,1,1,0
2020,1,2,1.74
2020,1,3,0.56
2020,1,4,0.35
2020,1,5,0
2020,1,6,0
2020,1,7,0.47
2020,1,8,0
2020,1,9,0
2020,1,10,0.2
2020,1,11,3.15
2020,1,12,0.05
2020,1,13,0.27
2020,1,14,1.07
2020,1,15,0.13
2020,1,16,0.01
2020,1,17,0
2020,1,18,1.34
2020,1,19,0
2020,1,20,0
2020,1,21,0
2020,1,22,0
2020,1,23,0.38
2020,1,24,2.13
2020,1,25,0
2020,1,26,0
2020,1,27,0.05
2020,1,28,0
2020,1,29,0
2020,1,30,0
2020,1,31,0.24
2020,2,1,0
2020,2,2,0
2020,2,3,0
2020,2,4,0.02
2020,2,5,2
2020,2,6,5.16
2020,2,7,0.16
2020,2,8,0.42
2020,2,9,0
2020,2,10,2.71
2020,2,11,1.32
2020,2,12,0.28
2020,2,13,1.88
2020,2,14,0
2020,2,15,0
2020,2,16,0
2020,2,17,0
2020,2,18,0.92
2020,2,19,0.1
2020,2,20,0.42
2020,2,21,0
2020,2,22,0
2020,2,23,0
2020,2,24,1.55
2020,2,25,0.17
2020,2,26,0.07
2020,2,27,0
2020,2,28,0.1
2020,2,29,0.02
2020,3,1,0
2020,3,2,0.56
2020,3,3,1.23
2020,3,4,0
2020,3,5,0.22
2020,3,6,0
2020,3,7,0
2020,3,8,0
2020,3,9,0
2020,3,10,0.6
2020,3,11,0.13
2020,3,12,0.13
2020,3,13,0.48
2020,3,14,0.04
2020,3,15,0.06
2020,3,16,0.41
2020,3,17,0.73
2020,3,18,0.06
2020,3,19,0
2020,3,20,0.13
2020,3,21,0.01
2020,3,22,0.1
2020,3,23,1.36
2020,3,24,1.96
2020,3,25,0.07
2020,3,26,0
2020,3,27,0
2020,3,28,0
2020,3,29,0.11
2020,3,30,0
2020,3,31,0.4
2020,4,1,0
2020,4,2,0
2020,4,3,0
2020,4,4,0
2020,4,5,0
2020,4,6,0
2020,4,7,0
2020,4,8,0
2020,4,9,0.26
2020,4,10,0
2020,4,11,0
2020,4,12,3.27
2020,4,13,1.84
2020,4,14,0
2020,4,15,0
2020,4,16,0
2020,4,17,0
2020,4,18,0.75
2020,4,19,0.25
2020,4,20,0.55
2020,4,21,0
2020,4,22,0.03
2020,4,23,1.9
2020,4,24,0.18
2020,4,25,0.16
2020,4,26,0.02
2020,4,27,0
2020,4,28,0
2020,4,29,2.88
2020,4,30,0.01
2020,5,1,0
2020,5,2,0
2020,5,3,0
2020,5,4,0.03
2020,5,5,1.21
2020,5,6,0.01
2020,5,7,0
2020,5,8,0.67
2020,5,9,0
2020,5,10,0
2020,5,11,0
2020,5,12,0
2020,5,13,0
2020,5,14,0
2020,5,15,0
2020,5,16,0
2020,5,17,0
2020,5,18,2.99
2020,5,19,1.62
2020,5,20,1.26
2020,5,21,0.84
2020,5,22,0.98
2020,5,23,0
2020,5,24,0
2020,5,25,0.25
2020,5,26,0.31
2020,5,27,0.42
2020,5,28,0.43
2020,5,29,0.09
2020,5,30,0
2020,5,31,0
2020,6,1,0
2020,6,2,0
2020,6,3,0
2020,6,4,0.01
2020,6,5,0.23
2020,6,6,0
2020,6,7,0
2020,6,8,0
2020,6,9,0.88
2020,6,10,0.84
2020,6,11,0.18
2020,6,12,0
2020,6,13,0
2020,6,14,0.39
2020,6,15,0.44
2020,6,16,0
2020,6,17,0.12
2020,6,18,0.01
2020,6,19,0.2
2020,6,20,0
2020,6,21,0.22
2020,6,22,0.83
2020,6,23,0.37
2020,6,24,0.02
2020,6,25,0.01
2020,6,26,0.13
2020,6,27,0.05
2020,6,28,0.05
2020,6,29,0
2020,6,30,0.1
2020,7,1,0.33
2020,7,2,0
2020,7,3,0.05
2020,7,4,0
2020,7,5,0
2020,7,6,0.18
2020,7,7,0.45
2020,7,8,0
2020,7,9,0.08
2020,7,10,0.3
2020,7,11,0
2020,7,12,0
2020,7,13,0
2020,7,14,0
2020,7,15,0
2020,7,16,0.02
2020,7,17,0.23
2020,7,18,0
2020,7,19,1.42
2020,7,20,0.68
2020,7,21,1.61
2020,7,22,0.47
2020,7,23,0.06
2020,7,24,0.7
2020,7,25,0.31
2020,7,26,0.2
2020,7,27,0.85
2020,7,28,0
2020,7,29,0.11
2020,7,30,0.17
2020,7,31,1.31
2020,8,1,0
2020,8,2,0
2020,8,3,0.67
2020,8,4,0
2020,8,5,0.47
2020,8,6,0.29
2020,8,7,0.03
2020,8,8,0
2020,8,9,0
2020,8,10,0.31
2020,8,11,0
2020,8,12,0
2020,8,13,0.29
2020,8,14,0.81
2020,8,15,1.38
2020,8,16,0
2020,8,17,0
2020,8,18,0
2020,8,19,0.32
2020,8,20,0.49
2020,8,21,2.26
2020,8,22,1.17
2020,8,23,0.04
2020,8,24,0.74
2020,8,25,0.09
2020,8,26,0.01
2020,8,27,0
2020,8,28,0.83
2020,8,29,0.85
2020,8,30,0.48
2020,8,31,0.01
2020,9,1,0.15
2020,9,2,0
2020,9,3,0
2020,9,4,0.02
2020,9,5,0
2020,9,6,0
2020,9,7,0
2020,9,8,0
2020,9,9,0
2020,9,10,0
2020,9,11,0
2020,9,12,1.24
2020,9,13,0.28
2020,9,14,0.78
2020,9,15,0
2020,9,16,0.86
2020,9,17,2.69
2020,9,18,0
2020,9,19,0
2020,9,20,0
2020,9,21,0
2020,9,22,0
2020,9,23,0.01
2020,9,24,1.43
2020,9,25,1.44
2020,9,26,0
2020,9,27,0.71
2020,9,28,0.73
2020,9,29,0.71
2020,9,30,0
2020,10,1,0
2020,10,2,0
2020,10,3,0
2020,10,4,0
2020,10,5,0
2020,10,6,0
2020,10,7,0
2020,10,8,0
2020,10,9,0.19
2020,10,10,4.24
2020,10,11,3.25
2020,10,12,0.01
2020,10,13,0
2020,10,14,0
2020,10,15,0
2020,10,16,0.02
2020,10,17,0
2020,10,18,0
2020,10,19,0
2020,10,20,0
2020,10,21,0
2020,10,22,0
2020,10,23,0.16
2020,10,24,0.73
2020,10,25,0.15
2020,10,26,0.01
2020,10,27,0
2020,10,28,2.18
2020,10,29,4.8
2020,10,30,0
2020,10,31,0
2020,11,1,0.11
2020,11,2,0
2020,11,3,0
2020,11,4,0
2020,11,5,0
2020,11,6,0
2020,11,7,0
2020,11,8,0
2020,11,9,0.04
2020,11,10,1.56
2020,11,11,1.45
2020,11,12,1.45
2020,11,13,0
2020,11,14,0
2020,11,15,0.11
2020,11,16,0
2020,11,17,0
2020,11,18,0
2020,11,19,0
2020,11,20,0
2020,11,21,0
2020,11,22,0
2020,11,23,0.01
2020,11,24,0
2020,11,25,1.02
2020,11,26,0.89
2020,11,27,0
2020,11,28,0.08
2020,11,29,0.82
2020,11,30,0.62
2020,12,1,0
2020,12,2,0
2020,12,3,0
2020,12,4,0.99
2020,12,5,0
2020,12,6,0
2020,12,7,0.05
2020,12,8,0
2020,12,9,0
2020,12,10,0
2020,12,11,0
2020,12,12,0.22
2020,12,13,0.21
2020,12,14,1.66
2020,12,15,0
2020,12,16,0.56
2020,12,17,0
2020,12,18,0
2020,12,19,0
2020,12,20,0.07
2020,12,21,0
2020,12,22,0
2020,12,23,0.01
2020,12,24,3.58
2020,12,25,0.01
2020,12,26,0
2020,12,27,0
2020,12,28,0
2020,12,29,0
2020,12,30,0
2020,12,31,0.12
2021,1,1,2.53
2021,1,2,0
2021,1,3,0
2021,1,4,0
2021,1,5,0.01
2021,1,6,0
2021,1,7,0.13
2021,1,8,0.45
2021,1,9,0
2021,1,10,0
2021,1,11,0.16
2021,1,12,0
2021,1,13,0
2021,1,14,0
2021,1,15,0.02
2021,1,16,0.03
2021,1,17,0.02
2021,1,18,0.01
2021,1,19,0
2021,1,20,0
2021,1,21,0.26
2021,1,22,0
2021,1,23,0
2021,1,24,0.14
2021,1,25,1.16
2021,1,26,0.77
2021,1,27,0.15
2021,1,28,0
2021,1,29,0
2021,1,30,0
2021,1,31,0.99
2021,2,1,0
2021,2,2,0
2021,2,3,0
2021,2,4,0.08
2021,2,5,0.51
2021,2,6,0.46
2021,2,7,0.15
2021,2,8,0
2021,2,9,0.02
2021,2,10,0
2021,2,11,0.76
2021,2,12,0.32
2021,2,13,0.98
2021,2,14,0
2021,2,15,1.01
2021,2,16,0
2021,2,17,0.11
2021,2,18,1.59
2021,2,19,0
2021,2,20,0
2021,2,21,0
2021,2,22,0.68
2021,2,23,0
2021,2,24,0
2021,2,25,0
2021,2,26,1.18
2021,2,27,0.05
2021,2,28,0
2021,3,1,0.48
2021,3,2,0
2021,3,3,0
2021,3,4,0
2021,3,5,0
2021,3,6,0
2021,3,7,0
2021,3,8,0
2021,3,9,0
2021,3,10,0
2021,3,11,0
2021,3,12,0
2021,3,13,0.02
2021,3,14,0
2021,3,15,0.05
2021,3,16,1.89
2021,3,17,1.35
2021,3,18,1.38
2021,3,19,0.05
2021,3,20,0
2021,3,21,0.1
2021,3,22,0
2021,3,23,0
2021,3,24,0.41
2021,3,25,5.59
2021,3,26,0.29
2021,3,27,0.4
2021,3,28,1.05
2021,3,29,0
2021,3,30,0
2021,3,31,2.92
2021,4,1,0
2021,4,2,0
2021,4,3,0
2021,4,4,0
2021,4,5,0
2021,4,6,0
2021,4,7,0
2021,4,8,0.04
2021,4,9,0
2021,4,10,1.14
2021,4,11,0
2021,4,12,0
2021,4,13,0
2021,4,14,0.05
2021,4,15,0.01
2021,4,16,0
2021,4,17,0
2021,4,18,0
2021,4,19,0
2021,4,20,0
2021,4,21,0
2021,4,22,0
2021,4,23,0
2021,4,24,1.3
2021,4,25,0
2021,4,26,0
2021,4,27,0
2021,4,28,0
2021,4,29,0.2
2021,4,30,0.03
2021,5,1,0
2021,5,2,0.09
2021,5,3,0.9
2021,5,4,2.01
2021,5,5,0
2021,5,6,0
2021,5,7,0
2021,5,8,0
2021,5,9,0.7
2021,5,10,0.38
2021,5,11,0
2021,5,12,0.69
2021,5,13,0
2021,5,14,0
2021,5,15,0
2021,5,16,0
2021,5,17,0
2021,5,18,0
2021,5,19,0
2021,5,20,0
2021,5,21,0
2021,5,22,0
2021,5,23,0
2021,5,24,0
2021,5,25,0
2021,5,26,0
2021,5,27,0
2021,5,28,0.98
2021,5,29,0
2021,5,30,0
2021,5,31,0
2021,6,1,0
2021,6,2,0
2021,6,3,0
2021,6,4,0
2021,6,5,0.34
2021,6,6,0.19
2021,6,7,0.68
2021,6,8,0.45
2021,6,9,0.38
2021,6,10,0.51
2021,6,11,0.17
2021,6,12,0
2021,6,13,0
2021,6,14,0
2021,6,15,0
2021,6,16,0
2021,6,17,0
2021,6,18,0
2021,6,19,0.26
2021,6,20,0.59
2021,6,21,1.09
2021,6,22,0.84
2021,6,23,0
2021,6,24,0.06
2021,6,25,0
2021,6,26,0
2021,6,27,0.41
2021,6,28,0
2021,6,29,0.27
2021,6,30,0
2021,7,1,0.06
2021,7,2,1.03
2021,7,3,0
2021,7,4,0
2021,7,5,0
2021,7,6,0
2021,7,7,0.05
2021,7,8,0.13
2021,7,9,0.66
2021,7,10,0.45
2021,7,11,0.58
2021,7,12,0.2
2021,7,13,0
2021,7,14,0.04
2021,7,15,0
2021,7,16,0
2021,7,17,0.2
2021,7,18,0.57
2021,7,19,1.01
2021,7,20,0.59
2021,7,21,0
2021,7,22,0.06
2021,7,23,0.06
2021,7,24,0
2021,7,25,0.07
2021,7,26,0.92
2021,7,27,0
2021,7,28,0
2021,7,29,0
2021,7,30,0
2021,7,31,0
2021,8,1,0
2021,8,2,0
2021,8,3,0.11
2021,8,4,0.33
2021,8,5,0
2021,8,6,0
2021,8,7,0.04
2021,8,8,0.04
2021,8,9,0.01
2021,8,10,0
2021,8,11,0.13
2021,8,12,0
2021,8,13,0.1
2021,8,14,0.22
2021,8,15,0.12
2021,8,16,0.95
2021,8,17,5.52
2021,8,18,0
2021,8,19,0.82
2021,8,20,0.18
2021,8,21,0.34
2021,8,22,0.03
2021,8,23,0
2021,8,24,0
2021,8,25,0.03
2021,8,26,0.17
2021,8,27,0
2021,8,28,0
2021,8,29,0
2021,8,30,1.13
2021,8,31,4.94
2021,9,1,0.39
2021,9,2,0
2021,9,3,0
2021,9,4,0
2021,9,5,0
2021,9,6,0.75
2021,9,7,0.05
2021,9,8,0.07
2021,9,9,0
2021,9,10,0
2021,9,11,0
2021,9,12,0
2021,9,13,0
2021,9,14,0
2021,9,15,0.62
2021,9,16,0.19
2021,9,17,0.15
2021,9,18,0.64
2021,9,19,0.01
2021,9,20,0.72
2021,9,21,0.76
2021,9,22,0.55
2021,9,23,0
2021,9,24,0
2021,9,25,0
2021,9,26,0
2021,9,27,0
2021,9,28,0
2021,9,29,0
2021,9,30,0
2021,10,1,0
2021,10,2,0
2021,10,3,0.55
2021,10,4,0.17
2021,10,5,1.41
2021,10,6,1.7
2021,10,7,2.94
2021,10,8,0.51
2021,10,9,0
2021,10,10,0
2021,10,11,0
2021,10,12,0
2021,10,13,0
2021,10,14,0
2021,10,15,0
2021,10,16,0.08
2021,10,17,0
2021,10,18,0
2021,10,19,0
2021,10,20,0
2021,10,21,0.18
2021,10,22,0
2021,10,23,0
2021,10,24,0
2021,10,25,0.1
2021,10,26,0
2021,10,27,0
2021,10,28,0.58
2021,10,29,0.19
2021,10,30,0.06
2021,10,31,0
2021,11,1,0
2021,11,2,0
2021,11,3,0.05
2021,11,4,0.18
2021,11,5,0
2021,11,6,0
2021,11,7,0
2021,11,8,0
2021,11,9,0
2021,11,10,0
2021,11,11,1.22
2021,11,12,0
2021,11,13,0
2021,11,14,0
2021,11,15,0
2021,11,16,0
2021,11,17,0
2021,11,18,0.06
2021,11,19,0
2021,11,20,0
2021,11,21,0.02
2021,11,22,0.14
2021,11,23,0
2021,11,24,0
2021,11,25,0.07
2021,11,26,0.02
2021,11,27,0
2021,11,28,0
2021,11,29,0
2021,11,30,0
2021,12,1,0
2021,12,2,0
2021,12,3,0
2021,12,4,0
2021,12,5,0.02
2021,12,6,0.37
2021,12,7,0
2021,12,8,0.47
2021,12,9,0
2021,12,10,0.18
2021,12,11,0.9
2021,12,12,0
2021,12,13,0
2021,12,14,0
2021,12,15,0
2021,12,16,0
2021,12,17,0
2021,12,18,1.3
2021,12,19,0.12
2021,12,20,0
2021,12,21,0.15
2021,12,22,0
2021,12,23,0
2021,12,24,0
2021,12,25,0
2021,12,26,0
2021,12,27,0
2021,12,28,0.03
2021,12,29,1.12
2021,12,30,0.3
2021,12,31,0.44
