<?xml version="1.0" encoding="UTF-8"?>
<metadata xml:lang="en"><Esri><CreaDate>20140106</CreaDate><CreaTime>10323900</CreaTime><ArcGISFormat>1.0</ArcGISFormat><SyncOnce>FALSE</SyncOnce><DataProperties><itemProps><itemName Sync="TRUE">UpdatedRoads4</itemName><imsContentType Sync="TRUE">002</imsContentType><itemSize Sync="TRUE">0.000</itemSize><itemLocation><linkage Sync="TRUE">file://\\CWT_ADMIN-PC\D$\Projects (New)\NewMap\UpdatedRoads\UpdatedRoads4.shp</linkage><protocol Sync="TRUE">Local Area Network</protocol></itemLocation></itemProps><coordRef><type Sync="TRUE">Projected</type><geogcsn Sync="TRUE">GCS_North_American_1927</geogcsn><csUnits Sync="TRUE">Linear Unit: Meter (1.000000)</csUnits><projcsn Sync="TRUE">NAD_1927_UTM_Zone_17N</projcsn><peXml Sync="TRUE">&lt;ProjectedCoordinateSystem xsi:type='typens:ProjectedCoordinateSystem' xmlns:xsi='http://www.w3.org/2001/XMLSchema-instance' xmlns:xs='http://www.w3.org/2001/XMLSchema' xmlns:typens='http://www.esri.com/schemas/ArcGIS/10.1'&gt;&lt;WKT&gt;PROJCS[&amp;quot;NAD_1927_UTM_Zone_17N&amp;quot;,GEOGCS[&amp;quot;GCS_North_American_1927&amp;quot;,DATUM[&amp;quot;D_North_American_1927&amp;quot;,SPHEROID[&amp;quot;Clarke_1866&amp;quot;,6378206.4,294.9786982]],PRIMEM[&amp;quot;Greenwich&amp;quot;,0.0],UNIT[&amp;quot;Degree&amp;quot;,0.0174532925199433]],PROJECTION[&amp;quot;Transverse_Mercator&amp;quot;],PARAMETER[&amp;quot;false_easting&amp;quot;,500000.0],PARAMETER[&amp;quot;false_northing&amp;quot;,0.0],PARAMETER[&amp;quot;central_meridian&amp;quot;,-81.0],PARAMETER[&amp;quot;scale_factor&amp;quot;,0.9996],PARAMETER[&amp;quot;latitude_of_origin&amp;quot;,0.0],UNIT[&amp;quot;Meters&amp;quot;,1.0],AUTHORITY[&amp;quot;EPSG&amp;quot;,26717]]&lt;/WKT&gt;&lt;XOrigin&gt;-5121000&lt;/XOrigin&gt;&lt;YOrigin&gt;-9998000&lt;/YOrigin&gt;&lt;XYScale&gt;450450052.74759901&lt;/XYScale&gt;&lt;ZOrigin&gt;-100000&lt;/ZOrigin&gt;&lt;ZScale&gt;10000&lt;/ZScale&gt;&lt;MOrigin&gt;-100000&lt;/MOrigin&gt;&lt;MScale&gt;10000&lt;/MScale&gt;&lt;XYTolerance&gt;0.001&lt;/XYTolerance&gt;&lt;ZTolerance&gt;0.001&lt;/ZTolerance&gt;&lt;MTolerance&gt;0.001&lt;/MTolerance&gt;&lt;HighPrecision&gt;true&lt;/HighPrecision&gt;&lt;WKID&gt;26717&lt;/WKID&gt;&lt;LatestWKID&gt;26717&lt;/LatestWKID&gt;&lt;/ProjectedCoordinateSystem&gt;</peXml></coordRef><lineage><Process ToolSource="c:\program files (x86)\arcgis\desktop10.1\ArcToolbox\Toolboxes\Data Management Tools.tbx\Merge" Date="20140106" Time="103241">Merge NewOldAddittions2;NewOldAddittions;Transportation\Larger_Appalachian_Trail;Transportation\Pickens_Nose_Trail;Transportation\StewartTrail;Transportation\LowerGageTrail "D:\Projects (New)\NewMap\UpdatedRoads\UpdatedRoads3.shp" "ROADNAME "ROADNAME" true true false 20 Text 0 0 ,First,#,NewOldAddittions2,ROADNAME,-1,-1,NewOldAddittions,ROADNAME,-1,-1,Transportation\Pickens_Nose_Trail,ROADNAME,-1,-1,Transportation\StewartTrail,ROADNAME,-1,-1,Transportation\LowerGageTrail,ROADNAME,-1,-1;TRAIL "TRAIL" true true false 20 Text 0 0 ,First,#,NewOldAddittions2,TRAIL,-1,-1,NewOldAddittions,TRAIL,-1,-1,Transportation\Pickens_Nose_Trail,TRAIL,-1,-1,Transportation\StewartTrail,TRAIL,-1,-1,Transportation\LowerGageTrail,TRAIL,-1,-1;Comment "Comment" true true false 50 Text 0 0 ,First,#,NewOldAddittions2,Comment,-1,-1;TIME "TIME" true true false 13 Double 6 12 ,First,#,NewOldAddittions,TIME,-1,-1,Transportation\Pickens_Nose_Trail,TIME,-1,-1,Transportation\StewartTrail,TIME,-1,-1,Transportation\LowerGageTrail,TIME,-1,-1;STATUS "STATUS" true true false 20 Text 0 0 ,First,#,Transportation\Larger_Appalachian_Trail,STATUS,-1,-1;SURFACE "SURFACE" true true false 20 Text 0 0 ,First,#,Transportation\Larger_Appalachian_Trail,SURFACE,-1,-1;SHARED_USE "SHARED_USE" true true false 20 Text 0 0 ,First,#,Transportation\Larger_Appalachian_Trail,SHARED_USE,-1,-1;COMMENTS "COMMENTS" true true false 100 Text 0 0 ,First,#,Transportation\Larger_Appalachian_Trail,COMMENTS,-1,-1"</Process><Process ToolSource="c:\program files (x86)\arcgis\desktop10.1\ArcToolbox\Toolboxes\Data Management Tools.tbx\Merge" Date="20140106" Time="103448">Merge UpdatedRoads3;Transportation\UpdatedRoads_Merge "D:\Projects (New)\NewMap\UpdatedRoads\UpdatedRoads4.shp" "ROADNAME "ROADNAME" true true false 20 Text 0 0 ,First,#,UpdatedRoads3,ROADNAME,-1,-1;TRAIL "TRAIL" true true false 20 Text 0 0 ,First,#,UpdatedRoads3,TRAIL,-1,-1;Comment "Comment" true true false 50 Text 0 0 ,First,#,UpdatedRoads3,Comment,-1,-1,Transportation\UpdatedRoads_Merge,Comment,-1,-1;Road_Type "Road_Type" true true false 50 Text 0 0 ,First,#,Transportation\UpdatedRoads_Merge,Road_Type,-1,-1;D_Miles "D_Miles" true true false 8 Double 0 0 ,First,#,Transportation\UpdatedRoads_Merge,D_Miles,-1,-1;D_Feet "D_Feet" true true false 8 Double 0 0 ,First,#,Transportation\UpdatedRoads_Merge,D_Feet,-1,-1;Shape_Leng "Shape_Leng" false true true 8 Double 0 0 ,First,#,Transportation\UpdatedRoads_Merge,Shape_Length,-1,-1"</Process></lineage></DataProperties><SyncDate>20140106</SyncDate><SyncTime>10344700</SyncTime><ModDate>20140106</ModDate><ModTime>10344700</ModTime></Esri><dataIdInfo><envirDesc Sync="TRUE">Microsoft Windows 7 Version 6.1 (Build 7601) Service Pack 1; Esri ArcGIS 10.1.0.3035</envirDesc><dataLang><languageCode value="eng" Sync="TRUE"></languageCode><countryCode value="USA" Sync="TRUE"></countryCode></dataLang><idCitation><resTitle Sync="TRUE">UpdatedRoads4</resTitle><presForm><PresFormCd value="005" Sync="TRUE"></PresFormCd></presForm></idCitation><spatRpType><SpatRepTypCd value="001" Sync="TRUE"></SpatRepTypCd></spatRpType></dataIdInfo><mdLang><languageCode value="eng" Sync="TRUE"></languageCode><countryCode value="USA" Sync="TRUE"></countryCode></mdLang><mdChar><CharSetCd value="004" Sync="TRUE"></CharSetCd></mdChar><distInfo><distFormat><formatName Sync="TRUE">Shapefile</formatName></distFormat><distTranOps><transSize Sync="TRUE">0.000</transSize></distTranOps></distInfo><mdHrLv><ScopeCd value="005" Sync="TRUE"></ScopeCd></mdHrLv><mdHrLvName Sync="TRUE">dataset</mdHrLvName><refSysInfo><RefSystem><refSysID><identCode code="26717" Sync="TRUE" value="26717"></identCode><idCodeSpace Sync="TRUE">EPSG</idCodeSpace><idVersion Sync="TRUE">7.9.4</idVersion></refSysID></RefSystem></refSysInfo><spatRepInfo><VectSpatRep><geometObjs Name="UpdatedRoads4"><geoObjTyp><GeoObjTypCd value="002" Sync="TRUE"></GeoObjTypCd></geoObjTyp><geoObjCnt Sync="TRUE">0</geoObjCnt></geometObjs><topLvl><TopoLevCd value="001" Sync="TRUE"></TopoLevCd></topLvl></VectSpatRep></spatRepInfo><spdoinfo><ptvctinf><esriterm Name="UpdatedRoads4"><efeatyp Sync="TRUE">Simple</efeatyp><efeageom code="3" Sync="TRUE"></efeageom><esritopo Sync="TRUE">FALSE</esritopo><efeacnt Sync="TRUE">0</efeacnt><spindex Sync="TRUE">FALSE</spindex><linrefer Sync="TRUE">TRUE</linrefer></esriterm></ptvctinf></spdoinfo><eainfo><detailed Name="UpdatedRoads4"><enttyp><enttypl Sync="TRUE">UpdatedRoads4</enttypl><enttypt Sync="TRUE">Feature Class</enttypt><enttypc Sync="TRUE">0</enttypc></enttyp><attr><attrlabl Sync="TRUE">FID</attrlabl><attalias Sync="TRUE">FID</attalias><attrtype Sync="TRUE">OID</attrtype><attwidth Sync="TRUE">4</attwidth><atprecis Sync="TRUE">0</atprecis><attscale Sync="TRUE">0</attscale><attrdef Sync="TRUE">Internal feature number.</attrdef><attrdefs Sync="TRUE">Esri</attrdefs><attrdomv><udom Sync="TRUE">Sequential unique whole numbers that are automatically generated.</udom></attrdomv></attr><attr><attrlabl Sync="TRUE">Shape</attrlabl><attalias Sync="TRUE">Shape</attalias><attrtype Sync="TRUE">Geometry</attrtype><attwidth Sync="TRUE">0</attwidth><atprecis Sync="TRUE">0</atprecis><attscale Sync="TRUE">0</attscale><attrdef Sync="TRUE">Feature geometry.</attrdef><attrdefs Sync="TRUE">Esri</attrdefs><attrdomv><udom Sync="TRUE">Coordinates defining the features.</udom></attrdomv></attr><attr><attrlabl Sync="TRUE">ROADNAME</attrlabl><attalias Sync="TRUE">ROADNAME</attalias><attrtype Sync="TRUE">String</attrtype><attwidth Sync="TRUE">20</attwidth><atprecis Sync="TRUE">0</atprecis><attscale Sync="TRUE">0</attscale></attr><attr><attrlabl Sync="TRUE">TRAIL</attrlabl><attalias Sync="TRUE">TRAIL</attalias><attrtype Sync="TRUE">String</attrtype><attwidth Sync="TRUE">20</attwidth><atprecis Sync="TRUE">0</atprecis><attscale Sync="TRUE">0</attscale></attr><attr><attrlabl Sync="TRUE">Comment</attrlabl><attalias Sync="TRUE">Comment</attalias><attrtype Sync="TRUE">String</attrtype><attwidth Sync="TRUE">50</attwidth><atprecis Sync="TRUE">0</atprecis><attscale Sync="TRUE">0</attscale></attr><attr><attrlabl Sync="TRUE">Road_Type</attrlabl><attalias Sync="TRUE">Road_Type</attalias><attrtype Sync="TRUE">String</attrtype><attwidth Sync="TRUE">50</attwidth><atprecis Sync="TRUE">0</atprecis><attscale Sync="TRUE">0</attscale></attr><attr><attrlabl Sync="TRUE">D_Miles</attrlabl><attalias Sync="TRUE">D_Miles</attalias><attrtype Sync="TRUE">Double</attrtype><attwidth Sync="TRUE">19</attwidth><atprecis Sync="TRUE">0</atprecis><attscale Sync="TRUE">0</attscale></attr><attr><attrlabl Sync="TRUE">D_Feet</attrlabl><attalias Sync="TRUE">D_Feet</attalias><attrtype Sync="TRUE">Double</attrtype><attwidth Sync="TRUE">19</attwidth><atprecis Sync="TRUE">0</atprecis><attscale Sync="TRUE">0</attscale></attr><attr><attrlabl Sync="TRUE">Shape_Leng</attrlabl><attalias Sync="TRUE">Shape_Leng</attalias><attrtype Sync="TRUE">Double</attrtype><attwidth Sync="TRUE">19</attwidth><atprecis Sync="TRUE">0</atprecis><attscale Sync="TRUE">0</attscale></attr></detailed></eainfo><mdDateSt Sync="TRUE">20140106</mdDateSt></metadata>
