<?xml version="1.0" encoding="UTF-8"?>
<qr:qualityReport
  xmlns="eml://ecoinformatics.org/qualityReport"
  xmlns:qr="eml://ecoinformatics.org/qualityReport"
  xmlns:xsi="http://www.w3.org/2001/XMLSchema-instance"
  xsi:schemaLocation="eml://ecoinformatics.org/qualityReport http://svn.lternet.edu/svn/NIS/documents/schemas/quality/qualityReportSchema.xsd"
  >
  <creationDate>2019-02-20T14:00:18</creationDate>
  <packageId>knb-lter-cwt.1308.19</packageId>
  <includeSystem>lter</includeSystem>
  <includeSystem>knb</includeSystem>
  <datasetReport>
    <qualityCheck qualityType="metadata" system="lter" statusType="error" >
      <identifier>packageIdPattern</identifier>
      <name>packageId pattern matches "scope.identifier.revision"</name>
      <description>Check against LTER requirements for scope.identifier.revision</description>
      <expected>'scope.n.m', where 'n' and 'm' are integers and 'scope' is one of an allowed set of values</expected>
      <found>knb-lter-cwt.1308.19</found>
      <status>valid</status>
      <explanation></explanation>
      <suggestion></suggestion>
      <reference></reference>
    </qualityCheck>
    <qualityCheck qualityType="metadata" system="lter" statusType="error" >
      <identifier>emlVersion</identifier>
      <name>EML version 2.1.0 or beyond</name>
      <description>Check the EML document declaration for version 2.1.0 or higher</description>
      <expected>eml://ecoinformatics.org/eml-2.1.0 or eml://ecoinformatics.org/eml-2.1.1</expected>
      <found>eml://ecoinformatics.org/eml-2.1.0</found>
      <status>valid</status>
      <explanation>Validity of this quality report is dependent on this check being valid.</explanation>
      <suggestion></suggestion>
      <reference></reference>
    </qualityCheck>
    <qualityCheck qualityType="metadata" system="knb" statusType="error" >
      <identifier>schemaValid</identifier>
      <name>Document is schema-valid EML</name>
      <description>Check document schema validity</description>
      <expected>schema-valid</expected>
      <found>Document validated for namespace: 'eml://ecoinformatics.org/eml-2.1.0'</found>
      <status>valid</status>
      <explanation>Validity of this quality report is dependent on this check being valid.</explanation>
      <suggestion></suggestion>
      <reference></reference>
    </qualityCheck>
    <qualityCheck qualityType="metadata" system="knb" statusType="error" >
      <identifier>parserValid</identifier>
      <name>Document is EML parser-valid</name>
      <description>Check document using the EML IDs and references parser</description>
      <expected>Validates with the EML IDs and references parser</expected>
      <found>EML IDs and references parser succeeded</found>
      <status>valid</status>
      <explanation>Validity of this quality report is dependent on this check being valid.</explanation>
      <suggestion></suggestion>
      <reference></reference>
    </qualityCheck>
    <qualityCheck qualityType="metadata" system="lter" statusType="error" >
      <identifier>schemaValidDereferenced</identifier>
      <name>Dereferenced document is schema-valid EML</name>
      <description>References are dereferenced, and the resulting file validated</description>
      <expected>schema-valid</expected>
      <found>Dereferenced document validated for namespace: 'eml://ecoinformatics.org/eml-2.1.0'</found>
      <status>valid</status>
      <explanation>Validity of this quality report is dependent on this check being valid.</explanation>
      <suggestion></suggestion>
      <reference></reference>
    </qualityCheck>
    <qualityCheck qualityType="metadata" system="lter" statusType="warn" >
      <identifier>keywordPresent</identifier>
      <name>keyword element is present</name>
      <description>Checks to see if at least one keyword is present</description>
      <expected>Presence of one or more keyword elements</expected>
      <found>19 'keyword' element(s) found</found>
      <status>valid</status>
      <explanation></explanation>
      <suggestion></suggestion>
      <reference></reference>
    </qualityCheck>
    <qualityCheck qualityType="metadata" system="lter" statusType="warn" >
      <identifier>methodsElementPresent</identifier>
      <name>A 'methods' element is present</name>
      <description>All datasets should contain a 'methods' element, at a minimum a link to a separate methods doc.</description>
      <expected>presence of 'methods' at one or more xpaths.</expected>
      <found>4 'methods' element(s) found</found>
      <status>valid</status>
      <explanation></explanation>
      <suggestion></suggestion>
      <reference>EML Best Practices, p. 28</reference>
    </qualityCheck>
    <qualityCheck qualityType="metadata" system="lter" statusType="warn" >
      <identifier>coveragePresent</identifier>
      <name>coverage element is present</name>
      <description>At least one coverage element should be present in a dataset.</description>
      <expected>At least one of geographicCoverage, taxonomicCoverage, or temporalCoverage is present in the EML.</expected>
      <found>3 'coverage' element(s) found</found>
      <status>valid</status>
      <explanation></explanation>
      <suggestion></suggestion>
      <reference></reference>
    </qualityCheck>
    <qualityCheck qualityType="metadata" system="lter" statusType="info" >
      <identifier>geographicCoveragePresent</identifier>
      <name>geographicCoverage is present</name>
      <description>Check that geographicCoverage exists in EML at the dataset level, or at least one entity's level, or at least one attribute's level.</description>
      <expected>geographicCoverage at least at the dataset level.</expected>
      <found>2 'geographicCoverage' element(s) found</found>
      <status>info</status>
      <explanation>Many but not all datasets are appropriate to have spatial coverage.</explanation>
      <suggestion>If sampling EML is used within methods, does that obviate geographicCoverage? Or should those sites be repeated or referenced?</suggestion>
      <reference>EML Best Practices v.2, p. 22-23. "One geographicCoverage element should be included, whose boundingCoordinates describe the extent of the data....Additional geographicCoverage elements may be entered at the dataset level if there are significant distances between study sites and it would be confusing if they were grouped into one bounding box." 6 decimal places.</reference>
    </qualityCheck>
    <qualityCheck qualityType="metadata" system="lter" statusType="info" >
      <identifier>taxonomicCoveragePresent</identifier>
      <name>taxonomicCoverage is present</name>
      <description>Check that taxonomicCoverage exists in EML at the dataset level, or at least one entity's level, or at least one attribute's level.</description>
      <expected>taxonomicCoverage at least at the dataset level.</expected>
      <found>0 'taxonomicCoverage' element(s) found</found>
      <status>info</status>
      <explanation>Only when taxa are pertinent to the dataset will they have taxonomicCoverage.</explanation>
      <suggestion>Could search title, abstract, keywords for any taxonomic name (huge). Could search keywordType="taxonomic".</suggestion>
      <reference>EML Best Practices v.2, p. 25</reference>
    </qualityCheck>
    <qualityCheck qualityType="metadata" system="lter" statusType="info" >
      <identifier>temporalCoveragePresent</identifier>
      <name>temporalCoverage is present</name>
      <description>Check that temporalCoverage exists in EML at the dataset level, or at least one entity's level, or at least one attribute's level.</description>
      <expected>temporalCoverage at least at the dataset level.</expected>
      <found>2 'temporalCoverage' element(s) found</found>
      <status>info</status>
      <explanation>LTER wants to search datasets by time; the best place to search is the dataset level temporal coverage.</explanation>
      <suggestion>Most datasets have a temporal range.</suggestion>
      <reference>EML Best Practices v.2, p. 24</reference>
    </qualityCheck>
    <qualityCheck qualityType="metadata" system="lter" statusType="error" >
      <identifier>pastaDoiAbsent</identifier>
      <name>An alternateIdentifier with a DOI system attribute that looks like it is generated by PASTA should not be present</name>
      <description>Reject the data package if it contains an alternateIdentifier DOI that looks like PASTA generated it.</description>
      <expected>No PASTA DOIs are expected to be found in the uploaded data package</expected>
      <found>No PASTA DOI alternateIdentifier elements found</found>
      <status>valid</status>
      <explanation>PASTA DOI values might appear in an uploaded data package (by various mechanisms). PASTA will assign a DOI after the upload has completed successfully, so an initial one should not be there.</explanation>
      <suggestion></suggestion>
      <reference></reference>
    </qualityCheck>
    <qualityCheck qualityType="metadata" system="lter" statusType="warn" >
      <identifier>titleLength</identifier>
      <name>Dataset title length is at 5 least words.</name>
      <description>If the title is shorter than 5 words, it might be insufficient. Title word count between 7 and 20 including prepositions and numbers.</description>
      <expected>Between 7 and 20 words</expected>
      <found>16 words found.</found>
      <status>valid</status>
      <explanation></explanation>
      <suggestion></suggestion>
      <reference>EML Best Practices, v.2, p. 13</reference>
    </qualityCheck>
    <qualityCheck qualityType="metadata" system="lter" statusType="warn" >
      <identifier>fundingPresence</identifier>
      <name>check to see if funding element is present</name>
      <description>Checks to see if the funding element is included.</description>
      <expected>the funding element is expected to be included</expected>
      <found>
This material is based upon work supported by the National Science Foundation under grant number OCE-9982133. Any opinions, findings, conclusions, or recommendations expressed in the material are those of the author(s) and do not necessarily reflect the views of the National Science Foundation.
</found>
      <status>valid</status>
      <explanation></explanation>
      <suggestion></suggestion>
      <reference></reference>
    </qualityCheck>
    <qualityCheck qualityType="metadata" system="lter" statusType="warn" >
      <identifier>pubDatePresent</identifier>
      <name>'pubDate' element is present</name>
      <description>Check for presence of the pubDate element</description>
      <expected>The date that the dataset was submitted for publication in PASTA must be included.
            (The EML schema does not require this element, but when present, it does constrain its
            format to YYYY-MM-DD or just YYYY. Citation format uses only the YYYY portion even if a
            full date is entered.)  
      </expected>
      <found>2019</found>
      <status>valid</status>
      <explanation></explanation>
      <suggestion></suggestion>
      <reference>EML Best Practices v.2, p. 17</reference>
    </qualityCheck>
    <qualityCheck qualityType="metadata" system="lter" statusType="warn" >
      <identifier>datasetAbstractLength</identifier>
      <name>Dataset abstract element is a minimum of 20 words</name>
      <description>Check the length of a dataset abstract and warn if less than 20 words.</description>
      <expected>An abstract is 20 words or more.</expected>
      <found>43 words found.</found>
      <status>valid</status>
      <explanation></explanation>
      <suggestion></suggestion>
      <reference>EML Best Practices</reference>
    </qualityCheck>
    <qualityCheck qualityType="metadata" system="lter" statusType="error" >
      <identifier>duplicateEntityName</identifier>
      <name>There are no duplicate entity names</name>
      <description>Checks that content is not duplicated by other entityName elements in the document</description>
      <expected>entityName is not a duplicate within the document</expected>
      <found>No duplicates found</found>
      <status>valid</status>
      <explanation>Data Manager requires a non-empty, non-duplicate entityName value for every entity</explanation>
      <suggestion>Declare a non-empty entityName and ensure that there are no duplicate entityName values in the document</suggestion>
      <reference></reference>
    </qualityCheck>
  </datasetReport>
  <entityReport>
    <entityName>CWT_132</entityName>
    <qualityCheck qualityType="metadata" system="knb" statusType="warn" >
      <identifier>entityNameLength</identifier>
      <name>Length of entityName is not excessive (less than 100 char)</name>
      <description>length of entity name is less than 100 characters</description>
      <expected>entityName value is 100 characters or less</expected>
      <found>7</found>
      <status>valid</status>
      <explanation></explanation>
      <suggestion></suggestion>
      <reference></reference>
    </qualityCheck>
    <qualityCheck qualityType="metadata" system="lter" statusType="warn" >
      <identifier>entityDescriptionPresent</identifier>
      <name>An entity description is present</name>
      <description>Check for presence of an entity description.</description>
      <expected>EML Best practices pp. 32-33, "...should have enough information for a user..."</expected>
      <found>true</found>
      <status>valid</status>
      <explanation>With entityName sometimes serving as a file name rather than a title, it is important to be very descriptive here.</explanation>
      <suggestion></suggestion>
      <reference></reference>
    </qualityCheck>
    <qualityCheck qualityType="metadata" system="knb" statusType="info" >
      <identifier>numHeaderLinesPresent</identifier>
      <name>'numHeaderLines' element is present</name>
      <description>Check for presence of the 'numHeaderLines' element.</description>
      <expected>Document contains 'numHeaderLines' element.</expected>
      <found>'numHeaderLines' element: 1</found>
      <status>info</status>
      <explanation></explanation>
      <suggestion></suggestion>
      <reference></reference>
    </qualityCheck>
    <qualityCheck qualityType="metadata" system="knb" statusType="info" >
      <identifier>numFooterLinesPresent</identifier>
      <name>'numFooterLines' element is present</name>
      <description>Check for presence of the 'numFooterLines' element.</description>
      <expected>Document contains 'numFooterLines' element.</expected>
      <found>'numFooterLines' element: 0</found>
      <status>info</status>
      <explanation></explanation>
      <suggestion></suggestion>
      <reference></reference>
    </qualityCheck>
    <qualityCheck qualityType="metadata" system="knb" statusType="error" >
      <identifier>fieldDelimiterValid</identifier>
      <name>Field delimiter is a single character</name>
      <description>Field delimiters should be one character only</description>
      <expected>A single character is expected</expected>
      <found>\t</found>
      <status>valid</status>
      <explanation>A valid fieldDelimiter value was found</explanation>
      <suggestion></suggestion>
      <reference>http://knb.ecoinformatics.org/software/eml/eml-2.1.0/eml-physical.html#fieldDelimiter</reference>
    </qualityCheck>
    <qualityCheck qualityType="metadata" system="knb" statusType="warn" >
      <identifier>recordDelimiterPresent</identifier>
      <name>Record delimiter is present</name>
      <description>Check presence of record delimiter. Check that the record delimiter is one of the suggested values.</description>
      <expected>A record delimiter from a list of suggested values: \n, \r, \r\n, #x0A, #x0D, #x0D#x0A</expected>
      <found>\r\n</found>
      <status>valid</status>
      <explanation>A valid recordDelimiter value was found</explanation>
      <suggestion></suggestion>
      <reference>http://knb.ecoinformatics.org/software/eml/eml-2.1.0/eml-physical.html#recordDelimiter</reference>
    </qualityCheck>
    <qualityCheck qualityType="metadata" system="knb" statusType="warn" >
      <identifier>numberOfRecordsPresence</identifier>
      <name>Is the numberOfRecords element present?</name>
      <description>Warn the user if the numberOfRecords check is not present</description>
      <expected>A number of records element is expected for this entity</expected>
      <found>numberOfRecords element not found</found>
      <status>warn</status>
      <explanation>This is a valuable check that we have the correct table.</explanation>
      <suggestion>Add a numberOfRecords element and store the number of entity records</suggestion>
      <reference></reference>
    </qualityCheck>
    <qualityCheck qualityType="metadata" system="lter" statusType="warn" >
      <identifier>integrityChecksumPresence</identifier>
      <name>A physical/authentication element is present and specifies a method attribute with a value of MD5 or SHA-1</name>
      <description>Check for presence of a physical/authentication element containing a checksum or hash value for an integrity check (e.g. MD5, SHA-1). Warn if an entity does not have a physical/authentication element, or if none of the physical/authentication elements specify a method attribute with a value of MD5 or SHA-1.</description>
      <expected>At least one physical/authentication element with a method attribute specifying MD5 or SHA-1 and containing a checksum or hash value that can be used to perform an integrity check on the data.</expected>
      <found>No authentication element was found.</found>
      <status>warn</status>
      <explanation>PASTA will use this value to check the integrity of the data it downloads from your site. In addition, PASTA is planning to compare the contributor-supplied checksum/hash value documented 
      in the physical/authentication element to the checksum/hash value of this entity downloaded from previous revisions of this data package. If PASTA already has a copy of this entity, it will be able 
      to avoid an unnecessary download of the entity from your site, resulting in faster processing of the new data package revision when you update it in PASTA.</explanation>
      <suggestion>Add a physical/authentication element and store the entity checksum or hash value in it using a method such as MD5 or SHA-1.</suggestion>
      <reference></reference>
    </qualityCheck>
    <qualityCheck qualityType="metadata" system="knb" statusType="warn" >
      <identifier>dateTimeFormatString</identifier>
      <name>dateTime/formatString specified in metadata is from a preferred set of values</name>
      <description>Certain features of dateTime data formats are preferred, eg, ISO 8601, 4-digit years. 
      This check looks at metadata to see if the dateTime format is in that preferred list.</description>
      <expected>A formatString value that is a member of the preferred set is expected.</expected>
      <found>'yyyy-mm-dd HH:MM:SS' is not in the set of preferred values.</found>
      <status>warn</status>
      <explanation>The format string 'yyyy-mm-dd HH:MM:SS' differs only by case with preferred format string 'YYYY-MM-DD hh:mm:ss'.</explanation>
      <suggestion>Use 'YYYY-MM-DD hh:mm:ss' in place of 'yyyy-mm-dd HH:MM:SS'.</suggestion>
      <reference></reference>
    </qualityCheck>
    <qualityCheck qualityType="metadata" system="knb" statusType="warn" >
      <identifier>attributeNamesUnique</identifier>
      <name>Attribute names are unique</name>
      <description>Checks if attributeName values are unique in the table. Not required by EML.</description>
      <expected>Unique attribute names.</expected>
      <found>true</found>
      <status>valid</status>
      <explanation>A good table does not have duplicate column names.</explanation>
      <suggestion></suggestion>
      <reference>EML Best Practices</reference>
    </qualityCheck>
    <qualityCheck qualityType="data" system="knb" statusType="info" >
      <identifier>displayDownloadData</identifier>
      <name>Display downloaded data</name>
      <description>Display the first kilobyte of data that is downloaded</description>
      <expected>Up to one kilobyte of data should be displayed</expected>
      <found><![CDATA[
Site	Date	BattV	PTemp	atemp	RHumidity	Flag_RHumidity	stemp05	Flag_stemp05	stemp20	Flag_stemp20	smois30A	EC30A	stemp_surfaceA	Flag_stemp_surfaceA	smois60A	EC60A	stemp30A	smois30B	EC30B	stemp_surfaceB	Flag_stemp_surfaceB	smois60B	EC60B	stemp30B	Flag_stemp30B
CWT_132	2016-03-04 12:30:00	13.52	7.55	4.42	68.88		3.78		5.98		0.211	0.003	9.00		0.179	0.001	5.77	0.242	0.004	4.62		0.292	0.003	4.44	
CWT_132	2016-03-04 12:35:00	13.53	7.55	5.03	73.22		3.88		5.98		0.211	0.003	8.74		0.179	0.001	5.91	0.242	0.005	4.67		0.294	0.003	4.72	
CWT_132	2016-03-04 12:40:00	13.49	7.58	6.12	63.30		3.98		5.98		0.211	0.003	8.48		0.179	0.001	6.02	0.242	0.005	4.81		0.295	0.003	5.13	
CWT_132	2016-03-04 12:45:00	13.52	7.62	5.37	76.34		4.08		5.98		0.211	0.003	8.13		0.179	0.001	6.09	0.243	0.005	5.00		0.297	0.003	5.60	
CWT_132	2016-03-04 12:50:00	13.53	7.60	4.82	68.80		4.19		5.98		0.212	0.003	7.80		0.179	0.001	6.18	0.243	0.005	5.11		0.298	0.003	5.79	
CWT_132	2016-03-04 12:55:00	13.53	7.60	5.77	65.33		4.29		5.98		0.212	0.003	7.68		0.179	0.00]]></found>
      <status>info</status>
      <explanation></explanation>
      <suggestion></suggestion>
      <reference></reference>
    </qualityCheck>
    <qualityCheck qualityType="congruency" system="knb" statusType="error" >
      <identifier>urlReturnsData</identifier>
      <name>URL returns data</name>
      <description>Checks whether a URL returns data. Unless the URL is specified to be function="information", the URL should return the resource for download.</description>
      <expected>A data entity that matches the metadata</expected>
      <found>true</found>
      <status>valid</status>
      <explanation></explanation>
      <suggestion></suggestion>
      <reference>http://knb.ecoinformatics.org/software/eml/eml-2.1.0/eml-resource.html#UrlType</reference>
    </qualityCheck>
    <qualityCheck qualityType="congruency" system="knb" statusType="error" >
      <identifier>onlineURLs</identifier>
      <name>Online URLs are live</name>
      <description>Check that online URLs return something</description>
      <expected>true</expected>
      <found>true</found>
      <status>valid</status>
      <explanation>Succeeded in accessing URL: <![CDATA[http://coweeta.uga.edu/dbpublic/send_file.asp?name=metacat-user&email=none&affiliation=LNO&notify=0&accession=1308&filename=CWT_132_1_0.TXT]]></explanation>
      <suggestion></suggestion>
      <reference></reference>
    </qualityCheck>
    <qualityCheck qualityType="metadata" system="knb" statusType="error" >
      <identifier>databaseTableCreated</identifier>
      <name>Database table created</name>
      <description>Status of creating a database table</description>
      <expected>A database table is expected to be generated from the EML attributes.</expected>
      <found>A database table was generated from the attributes description</found>
      <status>valid</status>
      <explanation><![CDATA[CREATE TABLE CWT_132("Site" TEXT,"Date" TIMESTAMP,"BattV" FLOAT,"PTemp" FLOAT,"atemp" FLOAT,"RHumidity" FLOAT,"Flag_RHumidity" TEXT,"stemp05" FLOAT,"Flag_stemp05" TEXT,"stemp20" FLOAT,"Flag_stemp20" TEXT,"smois30A" FLOAT,"EC30A" FLOAT,"stemp_surfaceA" FLOAT,"Flag_stemp_surfaceA" TEXT,"smois60A" FLOAT,"EC60A" FLOAT,"stemp30A" FLOAT,"smois30B" FLOAT,"EC30B" FLOAT,"stemp_surfaceB" FLOAT,"Flag_stemp_surfaceB" TEXT,"smois60B" FLOAT,"EC60B" FLOAT,"stemp30B" FLOAT,"Flag_stemp30B" TEXT);]]></explanation>
      <suggestion></suggestion>
      <reference></reference>
    </qualityCheck>
    <qualityCheck qualityType="congruency" system="knb" statusType="warn" >
      <identifier>examineRecordDelimiter</identifier>
      <name>Data are examined and possible record delimiters are displayed</name>
      <description>If no record delimiter was specified, we assume that \r\n is the delimiter. Search the first row for other record delimiters and see if other delimiters are found.</description>
      <expected>No other potential record delimiters expected in the first row.</expected>
      <found>No other potential record delimiters were detected. A valid record delimiter was previously detected</found>
      <status>valid</status>
      <explanation></explanation>
      <suggestion></suggestion>
      <reference>http://knb.ecoinformatics.org/software/eml/eml-2.1.0/eml-physical.html#recordDelimiter</reference>
    </qualityCheck>
    <qualityCheck qualityType="data" system="knb" statusType="info" >
      <identifier>displayFirstInsertRow</identifier>
      <name>Display first insert row</name>
      <description>Display the first row of data values to be inserted into the database table</description>
      <expected>The first row of data values should be displayed</expected>
      <found><![CDATA[CWT_132, 2016-03-04 12:30:00, 13.52, 7.55, 4.42, 68.88, , 3.78, , 5.98, , 0.211, 0.003, 9.00, , 0.179, 0.001, 5.77, 0.242, 0.004, 4.62, , 0.292, 0.003, 4.44, ]]></found>
      <status>info</status>
      <explanation></explanation>
      <suggestion></suggestion>
      <reference></reference>
    </qualityCheck>
    <qualityCheck qualityType="congruency" system="knb" statusType="error" >
      <identifier>onlineURLs</identifier>
      <name>Online URLs are live</name>
      <description>Check that online URLs return something</description>
      <expected>true</expected>
      <found>true</found>
      <status>valid</status>
      <explanation>Succeeded in accessing URL: <![CDATA[file:///pasta/data1/knb-lter-cwt.1308.19/2cad1fc9f6645ce36ecff197accbc958]]></explanation>
      <suggestion></suggestion>
      <reference></reference>
    </qualityCheck>
    <qualityCheck qualityType="congruency" system="knb" statusType="error" >
      <identifier>tooFewFields</identifier>
      <name>Data does not have fewer fields than metadata attributes</name>
      <description>Compare number of fields specified in metadata to number of fields found in a data record</description>
      <expected></expected>
      <found>No errors detected</found>
      <status>valid</status>
      <explanation></explanation>
      <suggestion></suggestion>
      <reference>http://knb.ecoinformatics.org/software/eml/eml-2.1.0/eml-physical.html#dataFormat</reference>
    </qualityCheck>
    <qualityCheck qualityType="congruency" system="knb" statusType="error" >
      <identifier>tooManyFields</identifier>
      <name>Data does not have more fields than metadata attributes</name>
      <description>Compare number of fields specified in metadata to number of fields found in a data record</description>
      <expected></expected>
      <found>No errors detected</found>
      <status>valid</status>
      <explanation></explanation>
      <suggestion></suggestion>
      <reference>http://knb.ecoinformatics.org/software/eml/eml-2.1.0/eml-physical.html#dataFormat</reference>
    </qualityCheck>
    <qualityCheck qualityType="congruency" system="knb" statusType="warn" >
      <identifier>dataLoadStatus</identifier>
      <name>Data can be loaded into the database</name>
      <description>Status of loading the data table into a database</description>
      <expected>No errors expected during data loading or data loading was not attempted for this data entity</expected>
      <found>The data table loaded successfully into a database</found>
      <status>valid</status>
      <explanation></explanation>
      <suggestion></suggestion>
      <reference></reference>
    </qualityCheck>
    <qualityCheck qualityType="congruency" system="knb" statusType="warn" >
      <identifier>numberOfRecords</identifier>
      <name>Number of records in metadata matches number of rows loaded</name>
      <description>Compare number of records specified in metadata to number of records found in data</description>
      <expected>-1</expected>
      <found>309546</found>
      <status>info</status>
      <explanation>The number of records found in the data table was: 309546. There was no 'numberOfRecords' value specified in the EML.</explanation>
      <suggestion></suggestion>
      <reference></reference>
    </qualityCheck>
    <qualityCheck qualityType="congruency" system="lter" statusType="info" >
      <identifier>headerRowAttributeNames</identifier>
      <name>Header row is displayed alongside attribute names</name>
      <description>Compare tne content of the data header row to the content of EML attribute names.</description>
      <expected>No expectation, information only</expected>
      <found>*** HEADER ROWS ***
<![CDATA[Site	Date	BattV	PTemp	atemp	RHumidity	Flag_RHumidity	stemp05	Flag_stemp05	stemp20	Flag_stemp20	smois30A	EC30A	stemp_surfaceA	Flag_stemp_surfaceA	smois60A	EC60A	stemp30A	smois30B	EC30B	stemp_surfaceB	Flag_stemp_surfaceB	smois60B	EC60B	stemp30B	Flag_stemp30B
]]>*** ATTRIBUTE LIST ***
Site,Date,BattV,PTemp,atemp,RHumidity,Flag_RHumidity,stemp05,Flag_stemp05,stemp20,Flag_stemp20,smois30A,EC30A,stemp_surfaceA,Flag_stemp_surfaceA,smois60A,EC60A,stemp30A,smois30B,EC30B,stemp_surfaceB,Flag_stemp_surfaceB,smois60B,EC60B,stemp30B,Flag_stemp30B</found>
      <status>info</status>
      <explanation></explanation>
      <suggestion>Customer should evaluate the findings</suggestion>
      <reference></reference>
    </qualityCheck>
    <qualityCheck qualityType="congruency" system="lter" statusType="warn" >
      <identifier>dateFormatMatches</identifier>
      <name>Date format in metadata matches data</name>
      <description>dateTime/formatString in attribute metadata is from the preferred list, and the data matches. A non-match generates only a warn.</description>
      <expected>Format string is preferred, and all data values match the format string</expected>
      <found>Not checked.</found>
      <status>warn</status>
      <explanation>'yyyy-mm-dd HH:MM:SS' is not a preferred format string and was not checked for congruency with the datetime values.</explanation>
      <suggestion>Dates should be consistently formatted and match the formatString in metadata.</suggestion>
      <reference></reference>
    </qualityCheck>
  </entityReport>
  <entityReport>
    <entityName>CWT_232</entityName>
    <qualityCheck qualityType="metadata" system="knb" statusType="warn" >
      <identifier>entityNameLength</identifier>
      <name>Length of entityName is not excessive (less than 100 char)</name>
      <description>length of entity name is less than 100 characters</description>
      <expected>entityName value is 100 characters or less</expected>
      <found>7</found>
      <status>valid</status>
      <explanation></explanation>
      <suggestion></suggestion>
      <reference></reference>
    </qualityCheck>
    <qualityCheck qualityType="metadata" system="lter" statusType="warn" >
      <identifier>entityDescriptionPresent</identifier>
      <name>An entity description is present</name>
      <description>Check for presence of an entity description.</description>
      <expected>EML Best practices pp. 32-33, "...should have enough information for a user..."</expected>
      <found>true</found>
      <status>valid</status>
      <explanation>With entityName sometimes serving as a file name rather than a title, it is important to be very descriptive here.</explanation>
      <suggestion></suggestion>
      <reference></reference>
    </qualityCheck>
    <qualityCheck qualityType="metadata" system="knb" statusType="info" >
      <identifier>numHeaderLinesPresent</identifier>
      <name>'numHeaderLines' element is present</name>
      <description>Check for presence of the 'numHeaderLines' element.</description>
      <expected>Document contains 'numHeaderLines' element.</expected>
      <found>'numHeaderLines' element: 1</found>
      <status>info</status>
      <explanation></explanation>
      <suggestion></suggestion>
      <reference></reference>
    </qualityCheck>
    <qualityCheck qualityType="metadata" system="knb" statusType="info" >
      <identifier>numFooterLinesPresent</identifier>
      <name>'numFooterLines' element is present</name>
      <description>Check for presence of the 'numFooterLines' element.</description>
      <expected>Document contains 'numFooterLines' element.</expected>
      <found>'numFooterLines' element: 0</found>
      <status>info</status>
      <explanation></explanation>
      <suggestion></suggestion>
      <reference></reference>
    </qualityCheck>
    <qualityCheck qualityType="metadata" system="knb" statusType="error" >
      <identifier>fieldDelimiterValid</identifier>
      <name>Field delimiter is a single character</name>
      <description>Field delimiters should be one character only</description>
      <expected>A single character is expected</expected>
      <found>\t</found>
      <status>valid</status>
      <explanation>A valid fieldDelimiter value was found</explanation>
      <suggestion></suggestion>
      <reference>http://knb.ecoinformatics.org/software/eml/eml-2.1.0/eml-physical.html#fieldDelimiter</reference>
    </qualityCheck>
    <qualityCheck qualityType="metadata" system="knb" statusType="warn" >
      <identifier>recordDelimiterPresent</identifier>
      <name>Record delimiter is present</name>
      <description>Check presence of record delimiter. Check that the record delimiter is one of the suggested values.</description>
      <expected>A record delimiter from a list of suggested values: \n, \r, \r\n, #x0A, #x0D, #x0D#x0A</expected>
      <found>\r\n</found>
      <status>valid</status>
      <explanation>A valid recordDelimiter value was found</explanation>
      <suggestion></suggestion>
      <reference>http://knb.ecoinformatics.org/software/eml/eml-2.1.0/eml-physical.html#recordDelimiter</reference>
    </qualityCheck>
    <qualityCheck qualityType="metadata" system="knb" statusType="warn" >
      <identifier>numberOfRecordsPresence</identifier>
      <name>Is the numberOfRecords element present?</name>
      <description>Warn the user if the numberOfRecords check is not present</description>
      <expected>A number of records element is expected for this entity</expected>
      <found>numberOfRecords element not found</found>
      <status>warn</status>
      <explanation>This is a valuable check that we have the correct table.</explanation>
      <suggestion>Add a numberOfRecords element and store the number of entity records</suggestion>
      <reference></reference>
    </qualityCheck>
    <qualityCheck qualityType="metadata" system="lter" statusType="warn" >
      <identifier>integrityChecksumPresence</identifier>
      <name>A physical/authentication element is present and specifies a method attribute with a value of MD5 or SHA-1</name>
      <description>Check for presence of a physical/authentication element containing a checksum or hash value for an integrity check (e.g. MD5, SHA-1). Warn if an entity does not have a physical/authentication element, or if none of the physical/authentication elements specify a method attribute with a value of MD5 or SHA-1.</description>
      <expected>At least one physical/authentication element with a method attribute specifying MD5 or SHA-1 and containing a checksum or hash value that can be used to perform an integrity check on the data.</expected>
      <found>No authentication element was found.</found>
      <status>warn</status>
      <explanation>PASTA will use this value to check the integrity of the data it downloads from your site. In addition, PASTA is planning to compare the contributor-supplied checksum/hash value documented 
      in the physical/authentication element to the checksum/hash value of this entity downloaded from previous revisions of this data package. If PASTA already has a copy of this entity, it will be able 
      to avoid an unnecessary download of the entity from your site, resulting in faster processing of the new data package revision when you update it in PASTA.</explanation>
      <suggestion>Add a physical/authentication element and store the entity checksum or hash value in it using a method such as MD5 or SHA-1.</suggestion>
      <reference></reference>
    </qualityCheck>
    <qualityCheck qualityType="metadata" system="knb" statusType="warn" >
      <identifier>dateTimeFormatString</identifier>
      <name>dateTime/formatString specified in metadata is from a preferred set of values</name>
      <description>Certain features of dateTime data formats are preferred, eg, ISO 8601, 4-digit years. 
      This check looks at metadata to see if the dateTime format is in that preferred list.</description>
      <expected>A formatString value that is a member of the preferred set is expected.</expected>
      <found>'yyyy-mm-dd HH:MM:SS' is not in the set of preferred values.</found>
      <status>warn</status>
      <explanation>The format string 'yyyy-mm-dd HH:MM:SS' differs only by case with preferred format string 'YYYY-MM-DD hh:mm:ss'.</explanation>
      <suggestion>Use 'YYYY-MM-DD hh:mm:ss' in place of 'yyyy-mm-dd HH:MM:SS'.</suggestion>
      <reference></reference>
    </qualityCheck>
    <qualityCheck qualityType="metadata" system="knb" statusType="warn" >
      <identifier>attributeNamesUnique</identifier>
      <name>Attribute names are unique</name>
      <description>Checks if attributeName values are unique in the table. Not required by EML.</description>
      <expected>Unique attribute names.</expected>
      <found>true</found>
      <status>valid</status>
      <explanation>A good table does not have duplicate column names.</explanation>
      <suggestion></suggestion>
      <reference>EML Best Practices</reference>
    </qualityCheck>
    <qualityCheck qualityType="data" system="knb" statusType="info" >
      <identifier>displayDownloadData</identifier>
      <name>Display downloaded data</name>
      <description>Display the first kilobyte of data that is downloaded</description>
      <expected>Up to one kilobyte of data should be displayed</expected>
      <found><![CDATA[
Site	Date	BattV	Flag_BattV	PTemp	atemp	stemp05	stemp20	smois30A	EC30A	stemp_surfaceA	smois60A	EC60A	stemp30A	Flag_stemp30A	smois30B	EC30B	stemp_surfaceB	smois60B	EC60B	stemp30B
CWT_232	2016-12-22 12:55:00	12.45		11.54	14.40	8.62	9.17	0.179	0.001	7.55	0.172	0.002	7.35		0.162	0.002	8.66	0.152	0.001	8.56
CWT_232	2016-12-22 13:00:00	12.42		11.47	13.18	8.61	9.18	0.179	0.001	7.50	0.172	0.002	7.38		0.162	0.002	8.68	0.152	0.001	8.56
CWT_232	2016-12-22 13:05:00	12.47		11.45	12.12	8.62	9.17	0.179	0.001	7.60	0.172	0.002	7.37		0.162	0.002	8.65	0.152	0.001	8.56
CWT_232	2016-12-22 13:10:00	12.48		11.40	11.67	8.62	9.17	0.179	0.001	7.61	0.172	0.002	7.42		0.162	0.002	8.67	0.152	0.001	8.58
CWT_232	2016-12-22 13:15:00	12.48		11.36	11.40	8.62	9.17	0.179	0.001	7.59	0.171	0.002	7.46		0.161	0.002	8.67	0.152	0.001	8.59
CWT_232	2016-12-22 13:20:00	12.48		11.29	11.25	8.61	9.17	0.179	0.001	7.64	0.171	0.002	7.44		0.161	0.002	8.68	0.152	0.001	8.59
CWT_232	2016-12-22 13:25:00	12.48		11.22	11.21	8.61	9.16	0.179	0.001	7.66	0.171	0.00]]></found>
      <status>info</status>
      <explanation></explanation>
      <suggestion></suggestion>
      <reference></reference>
    </qualityCheck>
    <qualityCheck qualityType="congruency" system="knb" statusType="error" >
      <identifier>urlReturnsData</identifier>
      <name>URL returns data</name>
      <description>Checks whether a URL returns data. Unless the URL is specified to be function="information", the URL should return the resource for download.</description>
      <expected>A data entity that matches the metadata</expected>
      <found>true</found>
      <status>valid</status>
      <explanation></explanation>
      <suggestion></suggestion>
      <reference>http://knb.ecoinformatics.org/software/eml/eml-2.1.0/eml-resource.html#UrlType</reference>
    </qualityCheck>
    <qualityCheck qualityType="congruency" system="knb" statusType="error" >
      <identifier>onlineURLs</identifier>
      <name>Online URLs are live</name>
      <description>Check that online URLs return something</description>
      <expected>true</expected>
      <found>true</found>
      <status>valid</status>
      <explanation>Succeeded in accessing URL: <![CDATA[http://coweeta.uga.edu/dbpublic/send_file.asp?name=metacat-user&email=none&affiliation=LNO&notify=0&accession=1308&filename=CWT_232_1_1308.TXT]]></explanation>
      <suggestion></suggestion>
      <reference></reference>
    </qualityCheck>
    <qualityCheck qualityType="metadata" system="knb" statusType="error" >
      <identifier>databaseTableCreated</identifier>
      <name>Database table created</name>
      <description>Status of creating a database table</description>
      <expected>A database table is expected to be generated from the EML attributes.</expected>
      <found>A database table was generated from the attributes description</found>
      <status>valid</status>
      <explanation><![CDATA[CREATE TABLE CWT_232("Site" TEXT,"Date" TIMESTAMP,"BattV" FLOAT,"Flag_BattV" TEXT,"PTemp" FLOAT,"atemp" FLOAT,"stemp05" FLOAT,"stemp20" FLOAT,"smois30A" FLOAT,"EC30A" FLOAT,"stemp_surfaceA" FLOAT,"smois60A" FLOAT,"EC60A" FLOAT,"stemp30A" FLOAT,"Flag_stemp30A" TEXT,"smois30B" FLOAT,"EC30B" FLOAT,"stemp_surfaceB" FLOAT,"smois60B" FLOAT,"EC60B" FLOAT,"stemp30B" FLOAT);]]></explanation>
      <suggestion></suggestion>
      <reference></reference>
    </qualityCheck>
    <qualityCheck qualityType="congruency" system="knb" statusType="warn" >
      <identifier>examineRecordDelimiter</identifier>
      <name>Data are examined and possible record delimiters are displayed</name>
      <description>If no record delimiter was specified, we assume that \r\n is the delimiter. Search the first row for other record delimiters and see if other delimiters are found.</description>
      <expected>No other potential record delimiters expected in the first row.</expected>
      <found>No other potential record delimiters were detected. A valid record delimiter was previously detected</found>
      <status>valid</status>
      <explanation></explanation>
      <suggestion></suggestion>
      <reference>http://knb.ecoinformatics.org/software/eml/eml-2.1.0/eml-physical.html#recordDelimiter</reference>
    </qualityCheck>
    <qualityCheck qualityType="data" system="knb" statusType="info" >
      <identifier>displayFirstInsertRow</identifier>
      <name>Display first insert row</name>
      <description>Display the first row of data values to be inserted into the database table</description>
      <expected>The first row of data values should be displayed</expected>
      <found><![CDATA[CWT_232, 2016-12-22 12:55:00, 12.45, , 11.54, 14.40, 8.62, 9.17, 0.179, 0.001, 7.55, 0.172, 0.002, 7.35, , 0.162, 0.002, 8.66, 0.152, 0.001, 8.56]]></found>
      <status>info</status>
      <explanation></explanation>
      <suggestion></suggestion>
      <reference></reference>
    </qualityCheck>
    <qualityCheck qualityType="congruency" system="knb" statusType="error" >
      <identifier>onlineURLs</identifier>
      <name>Online URLs are live</name>
      <description>Check that online URLs return something</description>
      <expected>true</expected>
      <found>true</found>
      <status>valid</status>
      <explanation>Succeeded in accessing URL: <![CDATA[file:///pasta/data1/knb-lter-cwt.1308.19/6111cf136607e71900636d5e5b25e669]]></explanation>
      <suggestion></suggestion>
      <reference></reference>
    </qualityCheck>
    <qualityCheck qualityType="congruency" system="knb" statusType="error" >
      <identifier>tooFewFields</identifier>
      <name>Data does not have fewer fields than metadata attributes</name>
      <description>Compare number of fields specified in metadata to number of fields found in a data record</description>
      <expected></expected>
      <found>No errors detected</found>
      <status>valid</status>
      <explanation></explanation>
      <suggestion></suggestion>
      <reference>http://knb.ecoinformatics.org/software/eml/eml-2.1.0/eml-physical.html#dataFormat</reference>
    </qualityCheck>
    <qualityCheck qualityType="congruency" system="knb" statusType="error" >
      <identifier>tooManyFields</identifier>
      <name>Data does not have more fields than metadata attributes</name>
      <description>Compare number of fields specified in metadata to number of fields found in a data record</description>
      <expected></expected>
      <found>No errors detected</found>
      <status>valid</status>
      <explanation></explanation>
      <suggestion></suggestion>
      <reference>http://knb.ecoinformatics.org/software/eml/eml-2.1.0/eml-physical.html#dataFormat</reference>
    </qualityCheck>
    <qualityCheck qualityType="congruency" system="knb" statusType="warn" >
      <identifier>dataLoadStatus</identifier>
      <name>Data can be loaded into the database</name>
      <description>Status of loading the data table into a database</description>
      <expected>No errors expected during data loading or data loading was not attempted for this data entity</expected>
      <found>The data table loaded successfully into a database</found>
      <status>valid</status>
      <explanation></explanation>
      <suggestion></suggestion>
      <reference></reference>
    </qualityCheck>
    <qualityCheck qualityType="congruency" system="knb" statusType="warn" >
      <identifier>numberOfRecords</identifier>
      <name>Number of records in metadata matches number of rows loaded</name>
      <description>Compare number of records specified in metadata to number of records found in data</description>
      <expected>-1</expected>
      <found>225149</found>
      <status>info</status>
      <explanation>The number of records found in the data table was: 225149. There was no 'numberOfRecords' value specified in the EML.</explanation>
      <suggestion></suggestion>
      <reference></reference>
    </qualityCheck>
    <qualityCheck qualityType="congruency" system="lter" statusType="info" >
      <identifier>headerRowAttributeNames</identifier>
      <name>Header row is displayed alongside attribute names</name>
      <description>Compare tne content of the data header row to the content of EML attribute names.</description>
      <expected>No expectation, information only</expected>
      <found>*** HEADER ROWS ***
<![CDATA[Site	Date	BattV	Flag_BattV	PTemp	atemp	stemp05	stemp20	smois30A	EC30A	stemp_surfaceA	smois60A	EC60A	stemp30A	Flag_stemp30A	smois30B	EC30B	stemp_surfaceB	smois60B	EC60B	stemp30B
]]>*** ATTRIBUTE LIST ***
Site,Date,BattV,Flag_BattV,PTemp,atemp,stemp05,stemp20,smois30A,EC30A,stemp_surfaceA,smois60A,EC60A,stemp30A,Flag_stemp30A,smois30B,EC30B,stemp_surfaceB,smois60B,EC60B,stemp30B</found>
      <status>info</status>
      <explanation></explanation>
      <suggestion>Customer should evaluate the findings</suggestion>
      <reference></reference>
    </qualityCheck>
    <qualityCheck qualityType="congruency" system="lter" statusType="warn" >
      <identifier>dateFormatMatches</identifier>
      <name>Date format in metadata matches data</name>
      <description>dateTime/formatString in attribute metadata is from the preferred list, and the data matches. A non-match generates only a warn.</description>
      <expected>Format string is preferred, and all data values match the format string</expected>
      <found>Not checked.</found>
      <status>warn</status>
      <explanation>'yyyy-mm-dd HH:MM:SS' is not a preferred format string and was not checked for congruency with the datetime values.</explanation>
      <suggestion>Dates should be consistently formatted and match the formatString in metadata.</suggestion>
      <reference></reference>
    </qualityCheck>
  </entityReport>
  <entityReport>
    <entityName>CWT_332</entityName>
    <qualityCheck qualityType="metadata" system="knb" statusType="warn" >
      <identifier>entityNameLength</identifier>
      <name>Length of entityName is not excessive (less than 100 char)</name>
      <description>length of entity name is less than 100 characters</description>
      <expected>entityName value is 100 characters or less</expected>
      <found>7</found>
      <status>valid</status>
      <explanation></explanation>
      <suggestion></suggestion>
      <reference></reference>
    </qualityCheck>
    <qualityCheck qualityType="metadata" system="lter" statusType="warn" >
      <identifier>entityDescriptionPresent</identifier>
      <name>An entity description is present</name>
      <description>Check for presence of an entity description.</description>
      <expected>EML Best practices pp. 32-33, "...should have enough information for a user..."</expected>
      <found>true</found>
      <status>valid</status>
      <explanation>With entityName sometimes serving as a file name rather than a title, it is important to be very descriptive here.</explanation>
      <suggestion></suggestion>
      <reference></reference>
    </qualityCheck>
    <qualityCheck qualityType="metadata" system="knb" statusType="info" >
      <identifier>numHeaderLinesPresent</identifier>
      <name>'numHeaderLines' element is present</name>
      <description>Check for presence of the 'numHeaderLines' element.</description>
      <expected>Document contains 'numHeaderLines' element.</expected>
      <found>'numHeaderLines' element: 1</found>
      <status>info</status>
      <explanation></explanation>
      <suggestion></suggestion>
      <reference></reference>
    </qualityCheck>
    <qualityCheck qualityType="metadata" system="knb" statusType="info" >
      <identifier>numFooterLinesPresent</identifier>
      <name>'numFooterLines' element is present</name>
      <description>Check for presence of the 'numFooterLines' element.</description>
      <expected>Document contains 'numFooterLines' element.</expected>
      <found>'numFooterLines' element: 0</found>
      <status>info</status>
      <explanation></explanation>
      <suggestion></suggestion>
      <reference></reference>
    </qualityCheck>
    <qualityCheck qualityType="metadata" system="knb" statusType="error" >
      <identifier>fieldDelimiterValid</identifier>
      <name>Field delimiter is a single character</name>
      <description>Field delimiters should be one character only</description>
      <expected>A single character is expected</expected>
      <found>\t</found>
      <status>valid</status>
      <explanation>A valid fieldDelimiter value was found</explanation>
      <suggestion></suggestion>
      <reference>http://knb.ecoinformatics.org/software/eml/eml-2.1.0/eml-physical.html#fieldDelimiter</reference>
    </qualityCheck>
    <qualityCheck qualityType="metadata" system="knb" statusType="warn" >
      <identifier>recordDelimiterPresent</identifier>
      <name>Record delimiter is present</name>
      <description>Check presence of record delimiter. Check that the record delimiter is one of the suggested values.</description>
      <expected>A record delimiter from a list of suggested values: \n, \r, \r\n, #x0A, #x0D, #x0D#x0A</expected>
      <found>\r\n</found>
      <status>valid</status>
      <explanation>A valid recordDelimiter value was found</explanation>
      <suggestion></suggestion>
      <reference>http://knb.ecoinformatics.org/software/eml/eml-2.1.0/eml-physical.html#recordDelimiter</reference>
    </qualityCheck>
    <qualityCheck qualityType="metadata" system="knb" statusType="warn" >
      <identifier>numberOfRecordsPresence</identifier>
      <name>Is the numberOfRecords element present?</name>
      <description>Warn the user if the numberOfRecords check is not present</description>
      <expected>A number of records element is expected for this entity</expected>
      <found>numberOfRecords element not found</found>
      <status>warn</status>
      <explanation>This is a valuable check that we have the correct table.</explanation>
      <suggestion>Add a numberOfRecords element and store the number of entity records</suggestion>
      <reference></reference>
    </qualityCheck>
    <qualityCheck qualityType="metadata" system="lter" statusType="warn" >
      <identifier>integrityChecksumPresence</identifier>
      <name>A physical/authentication element is present and specifies a method attribute with a value of MD5 or SHA-1</name>
      <description>Check for presence of a physical/authentication element containing a checksum or hash value for an integrity check (e.g. MD5, SHA-1). Warn if an entity does not have a physical/authentication element, or if none of the physical/authentication elements specify a method attribute with a value of MD5 or SHA-1.</description>
      <expected>At least one physical/authentication element with a method attribute specifying MD5 or SHA-1 and containing a checksum or hash value that can be used to perform an integrity check on the data.</expected>
      <found>No authentication element was found.</found>
      <status>warn</status>
      <explanation>PASTA will use this value to check the integrity of the data it downloads from your site. In addition, PASTA is planning to compare the contributor-supplied checksum/hash value documented 
      in the physical/authentication element to the checksum/hash value of this entity downloaded from previous revisions of this data package. If PASTA already has a copy of this entity, it will be able 
      to avoid an unnecessary download of the entity from your site, resulting in faster processing of the new data package revision when you update it in PASTA.</explanation>
      <suggestion>Add a physical/authentication element and store the entity checksum or hash value in it using a method such as MD5 or SHA-1.</suggestion>
      <reference></reference>
    </qualityCheck>
    <qualityCheck qualityType="metadata" system="knb" statusType="warn" >
      <identifier>dateTimeFormatString</identifier>
      <name>dateTime/formatString specified in metadata is from a preferred set of values</name>
      <description>Certain features of dateTime data formats are preferred, eg, ISO 8601, 4-digit years. 
      This check looks at metadata to see if the dateTime format is in that preferred list.</description>
      <expected>A formatString value that is a member of the preferred set is expected.</expected>
      <found>'yyyy-mm-dd HH:MM:SS' is not in the set of preferred values.</found>
      <status>warn</status>
      <explanation>The format string 'yyyy-mm-dd HH:MM:SS' differs only by case with preferred format string 'YYYY-MM-DD hh:mm:ss'.</explanation>
      <suggestion>Use 'YYYY-MM-DD hh:mm:ss' in place of 'yyyy-mm-dd HH:MM:SS'.</suggestion>
      <reference></reference>
    </qualityCheck>
    <qualityCheck qualityType="metadata" system="knb" statusType="warn" >
      <identifier>attributeNamesUnique</identifier>
      <name>Attribute names are unique</name>
      <description>Checks if attributeName values are unique in the table. Not required by EML.</description>
      <expected>Unique attribute names.</expected>
      <found>true</found>
      <status>valid</status>
      <explanation>A good table does not have duplicate column names.</explanation>
      <suggestion></suggestion>
      <reference>EML Best Practices</reference>
    </qualityCheck>
    <qualityCheck qualityType="data" system="knb" statusType="info" >
      <identifier>displayDownloadData</identifier>
      <name>Display downloaded data</name>
      <description>Display the first kilobyte of data that is downloaded</description>
      <expected>Up to one kilobyte of data should be displayed</expected>
      <found><![CDATA[
Site	Date	BattV	PTemp	atemp	RHumidity	Flag_RHumidity	stemp05	stemp20	Flag_stemp20	smois30A	Flag_smois30A	EC30A	stemp_surfaceA	Flag_stemp_surfaceA	smois60A	Flag_smois60A	EC60A	stemp30A	smois30B	Flag_smois30B	EC30B	stemp_surfaceB	Flag_stemp_surfaceB	smois60B	EC60B	stemp30B
CWT_332	2016-02-26 15:10:00	12.63	7.36	4.69	39.04		5.87	5.60		0.260		0.003	7.24		0.281		0.001	6.87	0.231		0.003	8.66		0.261	0.001	7.13
CWT_332	2016-02-26 15:15:00	12.72	7.25	4.84	39.71		5.87	5.61		0.260		0.003	6.56		0.281		0.001	6.87	0.231		0.003	8.20		0.261	0.001	7.14
CWT_332	2016-02-26 15:20:00	12.69	7.14	4.14	37.55		5.88	5.61		0.260		0.003	6.11		0.281		0.001	6.89	0.231		0.003	7.74		0.261	0.001	7.13
CWT_332	2016-02-26 15:25:00	12.68	7.01	4.15	39.25		5.88	5.62		0.260		0.003	5.71		0.281		0.001	6.87	0.231		0.003	7.58		0.261	0.001	7.09
CWT_332	2016-02-26 15:30:00	12.67	6.88	4.11	37.96		5.89	5.62		0.260		0.003	5.25		0.281		0.001	6.90	0.231		0.003	7.61		0.261	0.001	7.14
CWT_332	2016-02-26 15:35:00	12.63	6.74	4.15	38.47		5.89	5.62		0.260		0.]]></found>
      <status>info</status>
      <explanation></explanation>
      <suggestion></suggestion>
      <reference></reference>
    </qualityCheck>
    <qualityCheck qualityType="congruency" system="knb" statusType="error" >
      <identifier>urlReturnsData</identifier>
      <name>URL returns data</name>
      <description>Checks whether a URL returns data. Unless the URL is specified to be function="information", the URL should return the resource for download.</description>
      <expected>A data entity that matches the metadata</expected>
      <found>true</found>
      <status>valid</status>
      <explanation></explanation>
      <suggestion></suggestion>
      <reference>http://knb.ecoinformatics.org/software/eml/eml-2.1.0/eml-resource.html#UrlType</reference>
    </qualityCheck>
    <qualityCheck qualityType="congruency" system="knb" statusType="error" >
      <identifier>onlineURLs</identifier>
      <name>Online URLs are live</name>
      <description>Check that online URLs return something</description>
      <expected>true</expected>
      <found>true</found>
      <status>valid</status>
      <explanation>Succeeded in accessing URL: <![CDATA[http://coweeta.uga.edu/dbpublic/send_file.asp?name=metacat-user&email=none&affiliation=LNO&notify=0&accession=1308&filename=CWT_332_1_1308.TXT]]></explanation>
      <suggestion></suggestion>
      <reference></reference>
    </qualityCheck>
    <qualityCheck qualityType="metadata" system="knb" statusType="error" >
      <identifier>databaseTableCreated</identifier>
      <name>Database table created</name>
      <description>Status of creating a database table</description>
      <expected>A database table is expected to be generated from the EML attributes.</expected>
      <found>A database table was generated from the attributes description</found>
      <status>valid</status>
      <explanation><![CDATA[CREATE TABLE CWT_332("Site" TEXT,"Date" TIMESTAMP,"BattV" FLOAT,"PTemp" FLOAT,"atemp" FLOAT,"RHumidity" FLOAT,"Flag_RHumidity" TEXT,"stemp05" FLOAT,"stemp20" FLOAT,"Flag_stemp20" TEXT,"smois30A" FLOAT,"Flag_smois30A" TEXT,"EC30A" FLOAT,"stemp_surfaceA" FLOAT,"Flag_stemp_surfaceA" TEXT,"smois60A" FLOAT,"Flag_smois60A" TEXT,"EC60A" FLOAT,"stemp30A" FLOAT,"smois30B" FLOAT,"Flag_smois30B" TEXT,"EC30B" FLOAT,"stemp_surfaceB" FLOAT,"Flag_stemp_surfaceB" TEXT,"smois60B" FLOAT,"EC60B" FLOAT,"stemp30B" FLOAT);]]></explanation>
      <suggestion></suggestion>
      <reference></reference>
    </qualityCheck>
    <qualityCheck qualityType="congruency" system="knb" statusType="warn" >
      <identifier>examineRecordDelimiter</identifier>
      <name>Data are examined and possible record delimiters are displayed</name>
      <description>If no record delimiter was specified, we assume that \r\n is the delimiter. Search the first row for other record delimiters and see if other delimiters are found.</description>
      <expected>No other potential record delimiters expected in the first row.</expected>
      <found>No other potential record delimiters were detected. A valid record delimiter was previously detected</found>
      <status>valid</status>
      <explanation></explanation>
      <suggestion></suggestion>
      <reference>http://knb.ecoinformatics.org/software/eml/eml-2.1.0/eml-physical.html#recordDelimiter</reference>
    </qualityCheck>
    <qualityCheck qualityType="data" system="knb" statusType="info" >
      <identifier>displayFirstInsertRow</identifier>
      <name>Display first insert row</name>
      <description>Display the first row of data values to be inserted into the database table</description>
      <expected>The first row of data values should be displayed</expected>
      <found><![CDATA[CWT_332, 2016-02-26 15:10:00, 12.63, 7.36, 4.69, 39.04, , 5.87, 5.60, , 0.260, , 0.003, 7.24, , 0.281, , 0.001, 6.87, 0.231, , 0.003, 8.66, , 0.261, 0.001, 7.13]]></found>
      <status>info</status>
      <explanation></explanation>
      <suggestion></suggestion>
      <reference></reference>
    </qualityCheck>
    <qualityCheck qualityType="congruency" system="knb" statusType="error" >
      <identifier>onlineURLs</identifier>
      <name>Online URLs are live</name>
      <description>Check that online URLs return something</description>
      <expected>true</expected>
      <found>true</found>
      <status>valid</status>
      <explanation>Succeeded in accessing URL: <![CDATA[file:///pasta/data1/knb-lter-cwt.1308.19/2189a8cc08df8bc7b9cef48cc8380b6c]]></explanation>
      <suggestion></suggestion>
      <reference></reference>
    </qualityCheck>
    <qualityCheck qualityType="congruency" system="knb" statusType="error" >
      <identifier>tooFewFields</identifier>
      <name>Data does not have fewer fields than metadata attributes</name>
      <description>Compare number of fields specified in metadata to number of fields found in a data record</description>
      <expected></expected>
      <found>No errors detected</found>
      <status>valid</status>
      <explanation></explanation>
      <suggestion></suggestion>
      <reference>http://knb.ecoinformatics.org/software/eml/eml-2.1.0/eml-physical.html#dataFormat</reference>
    </qualityCheck>
    <qualityCheck qualityType="congruency" system="knb" statusType="error" >
      <identifier>tooManyFields</identifier>
      <name>Data does not have more fields than metadata attributes</name>
      <description>Compare number of fields specified in metadata to number of fields found in a data record</description>
      <expected></expected>
      <found>No errors detected</found>
      <status>valid</status>
      <explanation></explanation>
      <suggestion></suggestion>
      <reference>http://knb.ecoinformatics.org/software/eml/eml-2.1.0/eml-physical.html#dataFormat</reference>
    </qualityCheck>
    <qualityCheck qualityType="congruency" system="knb" statusType="warn" >
      <identifier>dataLoadStatus</identifier>
      <name>Data can be loaded into the database</name>
      <description>Status of loading the data table into a database</description>
      <expected>No errors expected during data loading or data loading was not attempted for this data entity</expected>
      <found>The data table loaded successfully into a database</found>
      <status>valid</status>
      <explanation></explanation>
      <suggestion></suggestion>
      <reference></reference>
    </qualityCheck>
    <qualityCheck qualityType="congruency" system="knb" statusType="warn" >
      <identifier>numberOfRecords</identifier>
      <name>Number of records in metadata matches number of rows loaded</name>
      <description>Compare number of records specified in metadata to number of records found in data</description>
      <expected>-1</expected>
      <found>311316</found>
      <status>info</status>
      <explanation>The number of records found in the data table was: 311316. There was no 'numberOfRecords' value specified in the EML.</explanation>
      <suggestion></suggestion>
      <reference></reference>
    </qualityCheck>
    <qualityCheck qualityType="congruency" system="lter" statusType="info" >
      <identifier>headerRowAttributeNames</identifier>
      <name>Header row is displayed alongside attribute names</name>
      <description>Compare tne content of the data header row to the content of EML attribute names.</description>
      <expected>No expectation, information only</expected>
      <found>*** HEADER ROWS ***
<![CDATA[Site	Date	BattV	PTemp	atemp	RHumidity	Flag_RHumidity	stemp05	stemp20	Flag_stemp20	smois30A	Flag_smois30A	EC30A	stemp_surfaceA	Flag_stemp_surfaceA	smois60A	Flag_smois60A	EC60A	stemp30A	smois30B	Flag_smois30B	EC30B	stemp_surfaceB	Flag_stemp_surfaceB	smois60B	EC60B	stemp30B
]]>*** ATTRIBUTE LIST ***
Site,Date,BattV,PTemp,atemp,RHumidity,Flag_RHumidity,stemp05,stemp20,Flag_stemp20,smois30A,Flag_smois30A,EC30A,stemp_surfaceA,Flag_stemp_surfaceA,smois60A,Flag_smois60A,EC60A,stemp30A,smois30B,Flag_smois30B,EC30B,stemp_surfaceB,Flag_stemp_surfaceB,smois60B,EC60B,stemp30B</found>
      <status>info</status>
      <explanation></explanation>
      <suggestion>Customer should evaluate the findings</suggestion>
      <reference></reference>
    </qualityCheck>
    <qualityCheck qualityType="congruency" system="lter" statusType="warn" >
      <identifier>dateFormatMatches</identifier>
      <name>Date format in metadata matches data</name>
      <description>dateTime/formatString in attribute metadata is from the preferred list, and the data matches. A non-match generates only a warn.</description>
      <expected>Format string is preferred, and all data values match the format string</expected>
      <found>Not checked.</found>
      <status>warn</status>
      <explanation>'yyyy-mm-dd HH:MM:SS' is not a preferred format string and was not checked for congruency with the datetime values.</explanation>
      <suggestion>Dates should be consistently formatted and match the formatString in metadata.</suggestion>
      <reference></reference>
    </qualityCheck>
  </entityReport>
  <entityReport>
    <entityName>1308.kml</entityName>
    <entityId>1308.kml</entityId>
    <qualityCheck qualityType="metadata" system="knb" statusType="warn" >
      <identifier>entityNameLength</identifier>
      <name>Length of entityName is not excessive (less than 100 char)</name>
      <description>length of entity name is less than 100 characters</description>
      <expected>entityName value is 100 characters or less</expected>
      <found>8</found>
      <status>valid</status>
      <explanation></explanation>
      <suggestion></suggestion>
      <reference></reference>
    </qualityCheck>
    <qualityCheck qualityType="metadata" system="lter" statusType="warn" >
      <identifier>entityDescriptionPresent</identifier>
      <name>An entity description is present</name>
      <description>Check for presence of an entity description.</description>
      <expected>EML Best practices pp. 32-33, "...should have enough information for a user..."</expected>
      <found>true</found>
      <status>valid</status>
      <explanation>With entityName sometimes serving as a file name rather than a title, it is important to be very descriptive here.</explanation>
      <suggestion></suggestion>
      <reference></reference>
    </qualityCheck>
    <qualityCheck qualityType="metadata" system="knb" statusType="info" >
      <identifier>numHeaderLinesPresent</identifier>
      <name>'numHeaderLines' element is present</name>
      <description>Check for presence of the 'numHeaderLines' element.</description>
      <expected>Document contains 'numHeaderLines' element.</expected>
      <found>No 'numHeaderLines' element found</found>
      <status>info</status>
      <explanation>If data file contains header lines, 'numHeaderLines' must be specified.</explanation>
      <suggestion>Add 'numHeaderLines' element if needed.</suggestion>
      <reference></reference>
    </qualityCheck>
    <qualityCheck qualityType="metadata" system="knb" statusType="info" >
      <identifier>numFooterLinesPresent</identifier>
      <name>'numFooterLines' element is present</name>
      <description>Check for presence of the 'numFooterLines' element.</description>
      <expected>Document contains 'numFooterLines' element.</expected>
      <found>No 'numFooterLines' element found</found>
      <status>info</status>
      <explanation>If data file contains footer lines, 'numFooterLines' must be specified.</explanation>
      <suggestion>Add 'numFooterLines' element if needed.</suggestion>
      <reference></reference>
    </qualityCheck>
    <qualityCheck qualityType="metadata" system="knb" statusType="error" >
      <identifier>fieldDelimiterValid</identifier>
      <name>Field delimiter is a single character</name>
      <description>Field delimiters should be one character only</description>
      <expected>A single character is expected</expected>
      <found>null</found>
      <status>info</status>
      <explanation>A fieldDelimiter value is not checked for binary entities or entities with an externally defined format</explanation>
      <suggestion></suggestion>
      <reference>http://knb.ecoinformatics.org/software/eml/eml-2.1.0/eml-physical.html#fieldDelimiter</reference>
    </qualityCheck>
    <qualityCheck qualityType="metadata" system="knb" statusType="warn" >
      <identifier>recordDelimiterPresent</identifier>
      <name>Record delimiter is present</name>
      <description>Check presence of record delimiter. Check that the record delimiter is one of the suggested values.</description>
      <expected>A record delimiter from a list of suggested values: \n, \r, \r\n, #x0A, #x0D, #x0D#x0A</expected>
      <found>null</found>
      <status>info</status>
      <explanation>A recordDelimiter value is not checked for binary entities or entities with an externally defined format</explanation>
      <suggestion></suggestion>
      <reference>http://knb.ecoinformatics.org/software/eml/eml-2.1.0/eml-physical.html#recordDelimiter</reference>
    </qualityCheck>
    <qualityCheck qualityType="metadata" system="lter" statusType="warn" >
      <identifier>integrityChecksumPresence</identifier>
      <name>A physical/authentication element is present and specifies a method attribute with a value of MD5 or SHA-1</name>
      <description>Check for presence of a physical/authentication element containing a checksum or hash value for an integrity check (e.g. MD5, SHA-1). Warn if an entity does not have a physical/authentication element, or if none of the physical/authentication elements specify a method attribute with a value of MD5 or SHA-1.</description>
      <expected>At least one physical/authentication element with a method attribute specifying MD5 or SHA-1 and containing a checksum or hash value that can be used to perform an integrity check on the data.</expected>
      <found>No authentication element was found.</found>
      <status>warn</status>
      <explanation>PASTA will use this value to check the integrity of the data it downloads from your site. In addition, PASTA is planning to compare the contributor-supplied checksum/hash value documented 
      in the physical/authentication element to the checksum/hash value of this entity downloaded from previous revisions of this data package. If PASTA already has a copy of this entity, it will be able 
      to avoid an unnecessary download of the entity from your site, resulting in faster processing of the new data package revision when you update it in PASTA.</explanation>
      <suggestion>Add a physical/authentication element and store the entity checksum or hash value in it using a method such as MD5 or SHA-1.</suggestion>
      <reference></reference>
    </qualityCheck>
    <qualityCheck qualityType="data" system="knb" statusType="info" >
      <identifier>displayDownloadData</identifier>
      <name>Display downloaded data</name>
      <description>Display the first kilobyte of data that is downloaded</description>
      <expected>Up to one kilobyte of data should be displayed</expected>
      <found>*** BINARY DATA ***</found>
      <status>info</status>
      <explanation></explanation>
      <suggestion></suggestion>
      <reference></reference>
    </qualityCheck>
    <qualityCheck qualityType="congruency" system="knb" statusType="error" >
      <identifier>urlReturnsData</identifier>
      <name>URL returns data</name>
      <description>Checks whether a URL returns data. Unless the URL is specified to be function="information", the URL should return the resource for download.</description>
      <expected>A data entity that matches the metadata</expected>
      <found>true</found>
      <status>valid</status>
      <explanation></explanation>
      <suggestion></suggestion>
      <reference>http://knb.ecoinformatics.org/software/eml/eml-2.1.0/eml-resource.html#UrlType</reference>
    </qualityCheck>
    <qualityCheck qualityType="congruency" system="knb" statusType="error" >
      <identifier>onlineURLs</identifier>
      <name>Online URLs are live</name>
      <description>Check that online URLs return something</description>
      <expected>true</expected>
      <found>true</found>
      <status>valid</status>
      <explanation>Succeeded in accessing URL: <![CDATA[http://coweeta.uga.edu/cwt_metabase/xml/dataset_geography.kml?Accession=1308]]></explanation>
      <suggestion></suggestion>
      <reference></reference>
    </qualityCheck>
  </entityReport>
</qr:qualityReport>
